top_left_square,top_middle_square,top_right_square,middle_left_square,middle_middle_square,middle_right_square,bottom_left_square,bottom_middle_square,bottom_right_square,product_cell1_with_weight,product_cell2_with_weight,product_cell3_with_weight,product_cell4_with_weight,product_cell5_with_weight,product_cell6_with_weight,product_cell7_with_weight,product_cell8_with_weight,product_cell9_with_weight,sum_row1,sum_row2,sum_row3,sum_col1,sum_col2,sum_col3,sum_diag1,sum_diag2,target
1,1,1,1,-1,-1,-1,1,-1,6,7,2,1,-5,-9,-8,3,-4,15,-13,-9,-1,5,-11,-3,-11,2
1,1,1,1,-1,-1,-1,-1,1,6,7,2,1,-5,-9,-8,-3,4,15,-13,-7,-1,-1,-3,5,-11,2
1,1,1,1,-1,-1,-1,0,0,6,7,2,1,-5,-9,-8,0,0,15,-13,-8,-1,2,-7,1,-11,2
1,1,1,1,-1,-1,0,-1,0,6,7,2,1,-5,-9,0,-3,0,15,-13,-3,7,-1,-7,1,-3,2
1,1,1,1,-1,-1,0,0,-1,6,7,2,1,-5,-9,0,0,-4,15,-13,-4,7,2,-11,-3,-3,2
1,1,1,1,-1,0,-1,-1,0,6,7,2,1,-5,0,-8,-3,0,15,-4,-11,-1,-1,2,1,-11,2
1,1,1,1,-1,0,-1,0,-1,6,7,2,1,-5,0,-8,0,-4,15,-4,-12,-1,2,-2,-3,-11,2
1,1,1,1,-1,0,0,-1,-1,6,7,2,1,-5,0,0,-3,-4,15,-4,-7,7,-1,-2,-3,-3,2
1,1,1,1,0,-1,-1,-1,0,6,7,2,1,0,-9,-8,-3,0,15,-8,-11,-1,4,-7,6,-6,2
1,1,1,1,0,-1,-1,0,-1,6,7,2,1,0,-9,-8,0,-4,15,-8,-12,-1,7,-11,2,-6,2
1,1,1,1,0,-1,0,-1,-1,6,7,2,1,0,-9,0,-3,-4,15,-8,-7,7,4,-11,2,2,2
1,1,1,-1,1,-1,1,-1,-1,6,7,2,-1,5,-9,8,-3,-4,15,-5,1,13,9,-11,7,15,2
1,1,1,-1,1,-1,-1,1,-1,6,7,2,-1,5,-9,-8,3,-4,15,-5,-9,-3,15,-11,7,-1,2
1,1,1,-1,1,-1,-1,-1,1,6,7,2,-1,5,-9,-8,-3,4,15,-5,-7,-3,9,-3,15,-1,2
1,1,1,-1,1,-1,-1,0,0,6,7,2,-1,5,-9,-8,0,0,15,-5,-8,-3,12,-7,11,-1,2
1,1,1,-1,1,-1,0,-1,0,6,7,2,-1,5,-9,0,-3,0,15,-5,-3,5,9,-7,11,7,2
1,1,1,-1,1,-1,0,0,-1,6,7,2,-1,5,-9,0,0,-4,15,-5,-4,5,12,-11,7,7,2
1,1,1,-1,1,0,-1,-1,0,6,7,2,-1,5,0,-8,-3,0,15,4,-11,-3,9,2,11,-1,2
1,1,1,-1,1,0,-1,0,-1,6,7,2,-1,5,0,-8,0,-4,15,4,-12,-3,12,-2,7,-1,2
1,1,1,-1,1,0,0,-1,-1,6,7,2,-1,5,0,0,-3,-4,15,4,-7,5,9,-2,7,7,2
1,1,1,-1,-1,1,1,-1,-1,6,7,2,-1,-5,9,8,-3,-4,15,3,1,13,-1,7,-3,5,2
1,1,1,-1,-1,1,-1,1,-1,6,7,2,-1,-5,9,-8,3,-4,15,3,-9,-3,5,7,-3,-11,2
1,1,1,-1,-1,1,-1,-1,1,6,7,2,-1,-5,9,-8,-3,4,15,3,-7,-3,-1,15,5,-11,2
1,1,1,-1,-1,1,-1,0,0,6,7,2,-1,-5,9,-8,0,0,15,3,-8,-3,2,11,1,-11,2
1,1,1,-1,-1,1,0,-1,0,6,7,2,-1,-5,9,0,-3,0,15,3,-3,5,-1,11,1,-3,2
1,1,1,-1,-1,1,0,0,-1,6,7,2,-1,-5,9,0,0,-4,15,3,-4,5,2,7,-3,-3,2
1,1,1,-1,-1,0,1,-1,0,6,7,2,-1,-5,0,8,-3,0,15,-6,5,13,-1,2,1,5,2
1,1,1,-1,-1,0,1,0,-1,6,7,2,-1,-5,0,8,0,-4,15,-6,4,13,2,-2,-3,5,2
1,1,1,-1,-1,0,-1,1,0,6,7,2,-1,-5,0,-8,3,0,15,-6,-5,-3,5,2,1,-11,2
1,1,1,-1,-1,0,-1,0,1,6,7,2,-1,-5,0,-8,0,4,15,-6,-4,-3,2,6,5,-11,2
1,1,1,-1,-1,0,0,1,-1,6,7,2,-1,-5,0,0,3,-4,15,-6,-1,5,5,-2,-3,-3,2
1,1,1,-1,-1,0,0,-1,1,6,7,2,-1,-5,0,0,-3,4,15,-6,1,5,-1,6,5,-3,2
1,1,1,-1,-1,0,0,0,0,6,7,2,-1,-5,0,0,0,0,15,-6,0,5,2,2,1,-3,2
1,1,1,-1,0,1,-1,-1,0,6,7,2,-1,0,9,-8,-3,0,15,8,-11,-3,4,11,6,-6,2
1,1,1,-1,0,1,-1,0,-1,6,7,2,-1,0,9,-8,0,-4,15,8,-12,-3,7,7,2,-6,2
1,1,1,-1,0,1,0,-1,-1,6,7,2,-1,0,9,0,-3,-4,15,8,-7,5,4,7,2,2,2
1,1,1,-1,0,-1,1,-1,0,6,7,2,-1,0,-9,8,-3,0,15,-10,5,13,4,-7,6,10,2
1,1,1,-1,0,-1,1,0,-1,6,7,2,-1,0,-9,8,0,-4,15,-10,4,13,7,-11,2,10,2
1,1,1,-1,0,-1,-1,1,0,6,7,2,-1,0,-9,-8,3,0,15,-10,-5,-3,10,-7,6,-6,2
1,1,1,-1,0,-1,-1,0,1,6,7,2,-1,0,-9,-8,0,4,15,-10,-4,-3,7,-3,10,-6,2
1,1,1,-1,0,-1,0,1,-1,6,7,2,-1,0,-9,0,3,-4,15,-10,-1,5,10,-11,2,2,2
1,1,1,-1,0,-1,0,-1,1,6,7,2,-1,0,-9,0,-3,4,15,-10,1,5,4,-3,10,2,2
1,1,1,-1,0,-1,0,0,0,6,7,2,-1,0,-9,0,0,0,15,-10,0,5,7,-7,6,2,2
1,1,1,-1,0,0,1,-1,-1,6,7,2,-1,0,0,8,-3,-4,15,-1,1,13,4,-2,2,10,2
1,1,1,-1,0,0,-1,1,-1,6,7,2,-1,0,0,-8,3,-4,15,-1,-9,-3,10,-2,2,-6,2
1,1,1,-1,0,0,-1,-1,1,6,7,2,-1,0,0,-8,-3,4,15,-1,-7,-3,4,6,10,-6,2
1,1,1,-1,0,0,-1,0,0,6,7,2,-1,0,0,-8,0,0,15,-1,-8,-3,7,2,6,-6,2
1,1,1,-1,0,0,0,-1,0,6,7,2,-1,0,0,0,-3,0,15,-1,-3,5,4,2,6,2,2
1,1,1,-1,0,0,0,0,-1,6,7,2,-1,0,0,0,0,-4,15,-1,-4,5,7,-2,2,2,2
1,1,1,0,1,-1,-1,-1,0,6,7,2,0,5,-9,-8,-3,0,15,-4,-11,-2,9,-7,11,-1,2
1,1,1,0,1,-1,-1,0,-1,6,7,2,0,5,-9,-8,0,-4,15,-4,-12,-2,12,-11,7,-1,2
1,1,1,0,1,-1,0,-1,-1,6,7,2,0,5,-9,0,-3,-4,15,-4,-7,6,9,-11,7,7,2
1,1,1,0,-1,1,-1,-1,0,6,7,2,0,-5,9,-8,-3,0,15,4,-11,-2,-1,11,1,-11,2
1,1,1,0,-1,1,-1,0,-1,6,7,2,0,-5,9,-8,0,-4,15,4,-12,-2,2,7,-3,-11,2
1,1,1,0,-1,1,0,-1,-1,6,7,2,0,-5,9,0,-3,-4,15,4,-7,6,-1,7,-3,-3,2
1,1,1,0,-1,-1,1,-1,0,6,7,2,0,-5,-9,8,-3,0,15,-14,5,14,-1,-7,1,5,2
1,1,1,0,-1,-1,1,0,-1,6,7,2,0,-5,-9,8,0,-4,15,-14,4,14,2,-11,-3,5,2
1,1,1,0,-1,-1,-1,1,0,6,7,2,0,-5,-9,-8,3,0,15,-14,-5,-2,5,-7,1,-11,2
1,1,1,0,-1,-1,-1,0,1,6,7,2,0,-5,-9,-8,0,4,15,-14,-4,-2,2,-3,5,-11,2
1,1,1,0,-1,-1,0,1,-1,6,7,2,0,-5,-9,0,3,-4,15,-14,-1,6,5,-11,-3,-3,2
1,1,1,0,-1,-1,0,-1,1,6,7,2,0,-5,-9,0,-3,4,15,-14,1,6,-1,-3,5,-3,2
1,1,1,0,-1,-1,0,0,0,6,7,2,0,-5,-9,0,0,0,15,-14,0,6,2,-7,1,-3,2
1,1,1,0,-1,0,1,-1,-1,6,7,2,0,-5,0,8,-3,-4,15,-5,1,14,-1,-2,-3,5,2
1,1,1,0,-1,0,-1,1,-1,6,7,2,0,-5,0,-8,3,-4,15,-5,-9,-2,5,-2,-3,-11,2
1,1,1,0,-1,0,-1,-1,1,6,7,2,0,-5,0,-8,-3,4,15,-5,-7,-2,-1,6,5,-11,2
1,1,1,0,-1,0,-1,0,0,6,7,2,0,-5,0,-8,0,0,15,-5,-8,-2,2,2,1,-11,2
1,1,1,0,-1,0,0,-1,0,6,7,2,0,-5,0,0,-3,0,15,-5,-3,6,-1,2,1,-3,2
1,1,1,0,-1,0,0,0,-1,6,7,2,0,-5,0,0,0,-4,15,-5,-4,6,2,-2,-3,-3,2
1,1,1,0,0,-1,1,-1,-1,6,7,2,0,0,-9,8,-3,-4,15,-9,1,14,4,-11,2,10,2
1,1,1,0,0,-1,-1,1,-1,6,7,2,0,0,-9,-8,3,-4,15,-9,-9,-2,10,-11,2,-6,2
1,1,1,0,0,-1,-1,-1,1,6,7,2,0,0,-9,-8,-3,4,15,-9,-7,-2,4,-3,10,-6,2
1,1,1,0,0,-1,-1,0,0,6,7,2,0,0,-9,-8,0,0,15,-9,-8,-2,7,-7,6,-6,2
1,1,1,0,0,-1,0,-1,0,6,7,2,0,0,-9,0,-3,0,15,-9,-3,6,4,-7,6,2,2
1,1,1,0,0,-1,0,0,-1,6,7,2,0,0,-9,0,0,-4,15,-9,-4,6,7,-11,2,2,2
1,1,1,0,0,0,-1,-1,0,6,7,2,0,0,0,-8,-3,0,15,0,-11,-2,4,2,6,-6,2
1,1,1,0,0,0,-1,0,-1,6,7,2,0,0,0,-8,0,-4,15,0,-12,-2,7,-2,2,-6,2
1,1,1,0,0,0,0,-1,-1,6,7,2,0,0,0,0,-3,-4,15,0,-7,6,4,-2,2,2,2
1,1,-1,1,1,-1,-1,-1,1,6,7,-2,1,5,-9,-8,-3,4,11,-3,-7,-1,9,-7,15,-5,2
1,1,-1,1,-1,1,1,-1,-1,6,7,-2,1,-5,9,8,-3,-4,11,5,1,15,-1,3,-3,1,2
1,1,-1,1,-1,-1,1,-1,1,6,7,-2,1,-5,-9,8,-3,4,11,-13,9,15,-1,-7,5,1,2
1,1,-1,1,-1,-1,1,0,0,6,7,-2,1,-5,-9,8,0,0,11,-13,8,15,2,-11,1,1,2
1,1,-1,1,-1,0,1,-1,0,6,7,-2,1,-5,0,8,-3,0,11,-4,5,15,-1,-2,1,1,2
1,1,-1,1,-1,0,1,0,-1,6,7,-2,1,-5,0,8,0,-4,11,-4,4,15,2,-6,-3,1,2
1,1,-1,1,0,-1,1,-1,0,6,7,-2,1,0,-9,8,-3,0,11,-8,5,15,4,-11,6,6,2
1,1,-1,1,0,0,1,-1,-1,6,7,-2,1,0,0,8,-3,-4,11,1,1,15,4,-6,2,6,2
1,1,-1,-1,1,1,-1,1,-1,6,7,-2,-1,5,9,-8,3,-4,11,13,-9,-3,15,3,7,-5,2
1,1,-1,-1,1,1,-1,-1,1,6,7,-2,-1,5,9,-8,-3,4,11,13,-7,-3,9,11,15,-5,2
1,1,-1,-1,1,-1,1,-1,1,6,7,-2,-1,5,-9,8,-3,4,11,-5,9,13,9,-7,15,11,2
1,1,-1,-1,1,-1,-1,1,1,6,7,-2,-1,5,-9,-8,3,4,11,-5,-1,-3,15,-7,15,-5,2
1,1,-1,-1,1,-1,0,1,0,6,7,-2,-1,5,-9,0,3,0,11,-5,3,5,15,-11,11,3,2
1,1,-1,-1,1,-1,0,0,1,6,7,-2,-1,5,-9,0,0,4,11,-5,4,5,12,-7,15,3,2
1,1,-1,-1,1,0,-1,1,0,6,7,-2,-1,5,0,-8,3,0,11,4,-5,-3,15,-2,11,-5,2
1,1,-1,-1,1,0,-1,0,1,6,7,-2,-1,5,0,-8,0,4,11,4,-4,-3,12,2,15,-5,2
1,1,-1,-1,1,0,0,1,-1,6,7,-2,-1,5,0,0,3,-4,11,4,-1,5,15,-6,7,3,2
1,1,-1,-1,1,0,0,-1,1,6,7,-2,-1,5,0,0,-3,4,11,4,1,5,9,2,15,3,2
1,1,-1,0,1,-1,-1,1,0,6,7,-2,0,5,-9,-8,3,0,11,-4,-5,-2,15,-11,11,-5,2
1,1,-1,0,1,-1,-1,0,1,6,7,-2,0,5,-9,-8,0,4,11,-4,-4,-2,12,-7,15,-5,2
1,1,-1,0,1,-1,0,-1,1,6,7,-2,0,5,-9,0,-3,4,11,-4,1,6,9,-7,15,3,2
1,1,-1,0,1,0,-1,1,-1,6,7,-2,0,5,0,-8,3,-4,11,5,-9,-2,15,-6,7,-5,2
1,1,-1,0,1,0,-1,-1,1,6,7,-2,0,5,0,-8,-3,4,11,5,-7,-2,9,2,15,-5,2
1,1,0,1,-1,-1,1,-1,0,6,7,0,1,-5,-9,8,-3,0,13,-13,5,15,-1,-9,1,3,2
1,1,0,1,-1,-1,1,0,-1,6,7,0,1,-5,-9,8,0,-4,13,-13,4,15,2,-13,-3,3,2
1,1,0,1,-1,0,1,-1,-1,6,7,0,1,-5,0,8,-3,-4,13,-4,1,15,-1,-4,-3,3,2
1,1,0,1,0,-1,1,-1,-1,6,7,0,1,0,-9,8,-3,-4,13,-8,1,15,4,-13,2,8,2
1,1,0,-1,1,-1,-1,1,0,6,7,0,-1,5,-9,-8,3,0,13,-5,-5,-3,15,-9,11,-3,2
1,1,0,-1,1,-1,-1,0,1,6,7,0,-1,5,-9,-8,0,4,13,-5,-4,-3,12,-5,15,-3,2
1,1,0,-1,1,-1,0,1,-1,6,7,0,-1,5,-9,0,3,-4,13,-5,-1,5,15,-13,7,5,2
1,1,0,-1,1,-1,0,-1,1,6,7,0,-1,5,-9,0,-3,4,13,-5,1,5,9,-5,15,5,2
1,1,0,-1,1,0,-1,1,-1,6,7,0,-1,5,0,-8,3,-4,13,4,-9,-3,15,-4,7,-3,2
1,1,0,-1,1,0,-1,-1,1,6,7,0,-1,5,0,-8,-3,4,13,4,-7,-3,9,4,15,-3,2
1,1,0,0,1,-1,-1,1,-1,6,7,0,0,5,-9,-8,3,-4,13,-4,-9,-2,15,-13,7,-3,2
1,1,0,0,1,-1,-1,-1,1,6,7,0,0,5,-9,-8,-3,4,13,-4,-7,-2,9,-5,15,-3,2
1,-1,1,1,1,-1,1,-1,-1,6,-7,2,1,5,-9,8,-3,-4,1,-3,1,15,-5,-11,7,15,2
1,-1,1,1,1,-1,-1,-1,1,6,-7,2,1,5,-9,-8,-3,4,1,-3,-7,-1,-5,-3,15,-1,2
1,-1,1,1,-1,-1,1,1,-1,6,-7,2,1,-5,-9,8,3,-4,1,-13,7,15,-9,-11,-3,5,2
1,-1,1,1,-1,-1,1,0,0,6,-7,2,1,-5,-9,8,0,0,1,-13,8,15,-12,-7,1,5,2
1,-1,1,1,-1,0,1,0,-1,6,-7,2,1,-5,0,8,0,-4,1,-4,4,15,-12,-2,-3,5,2
1,-1,1,1,0,-1,1,-1,0,6,-7,2,1,0,-9,8,-3,0,1,-8,5,15,-10,-7,6,10,2
1,-1,1,1,0,-1,1,0,-1,6,-7,2,1,0,-9,8,0,-4,1,-8,4,15,-7,-11,2,10,2
1,-1,1,1,0,0,1,-1,-1,6,-7,2,1,0,0,8,-3,-4,1,1,1,15,-10,-2,2,10,2
1,-1,1,-1,1,1,1,-1,-1,6,-7,2,-1,5,9,8,-3,-4,1,13,1,13,-5,7,7,15,2
1,-1,1,-1,1,1,-1,-1,1,6,-7,2,-1,5,9,-8,-3,4,1,13,-7,-3,-5,15,15,-1,2
1,-1,1,-1,1,-1,1,1,-1,6,-7,2,-1,5,-9,8,3,-4,1,-5,7,13,1,-11,7,15,2
1,-1,1,-1,1,-1,1,-1,1,6,-7,2,-1,5,-9,8,-3,4,1,-5,9,13,-5,-3,15,15,2
1,-1,1,-1,1,-1,1,0,0,6,-7,2,-1,5,-9,8,0,0,1,-5,8,13,-2,-7,11,15,2
1,-1,1,-1,1,-1,-1,1,1,6,-7,2,-1,5,-9,-8,3,4,1,-5,-1,-3,1,-3,15,-1,2
1,-1,1,-1,1,-1,0,0,1,6,-7,2,-1,5,-9,0,0,4,1,-5,4,5,-2,-3,15,7,2
1,-1,1,-1,1,0,1,-1,0,6,-7,2,-1,5,0,8,-3,0,1,4,5,13,-5,2,11,15,2
1,-1,1,-1,1,0,1,0,-1,6,-7,2,-1,5,0,8,0,-4,1,4,4,13,-2,-2,7,15,2
1,-1,1,-1,1,0,-1,0,1,6,-7,2,-1,5,0,-8,0,4,1,4,-4,-3,-2,6,15,-1,2
1,-1,1,-1,1,0,0,-1,1,6,-7,2,-1,5,0,0,-3,4,1,4,1,5,-5,6,15,7,2
1,-1,1,-1,-1,1,-1,1,1,6,-7,2,-1,-5,9,-8,3,4,1,3,-1,-3,-9,15,5,-11,2
1,-1,1,-1,-1,1,0,0,1,6,-7,2,-1,-5,9,0,0,4,1,3,4,5,-12,15,5,-3,2
1,-1,1,-1,0,1,-1,0,1,6,-7,2,-1,0,9,-8,0,4,1,8,-4,-3,-7,15,10,-6,2
1,-1,1,-1,0,1,0,-1,1,6,-7,2,-1,0,9,0,-3,4,1,8,1,5,-10,15,10,2,2
1,-1,1,0,1,-1,1,-1,0,6,-7,2,0,5,-9,8,-3,0,1,-4,5,14,-5,-7,11,15,2
1,-1,1,0,1,-1,1,0,-1,6,-7,2,0,5,-9,8,0,-4,1,-4,4,14,-2,-11,7,15,2
1,-1,1,0,1,-1,-1,0,1,6,-7,2,0,5,-9,-8,0,4,1,-4,-4,-2,-2,-3,15,-1,2
1,-1,1,0,1,-1,0,-1,1,6,-7,2,0,5,-9,0,-3,4,1,-4,1,6,-5,-3,15,7,2
1,-1,1,0,1,0,1,-1,-1,6,-7,2,0,5,0,8,-3,-4,1,5,1,14,-5,-2,7,15,2
1,-1,1,0,1,0,-1,-1,1,6,-7,2,0,5,0,-8,-3,4,1,5,-7,-2,-5,6,15,-1,2
1,-1,1,0,-1,1,-1,0,1,6,-7,2,0,-5,9,-8,0,4,1,4,-4,-2,-12,15,5,-11,2
1,-1,1,0,0,1,-1,-1,1,6,-7,2,0,0,9,-8,-3,4,1,9,-7,-2,-10,15,10,-6,2
1,-1,-1,1,1,1,1,-1,-1,6,-7,-2,1,5,9,8,-3,-4,-3,15,1,15,-5,3,7,11,2
1,-1,-1,1,1,1,-1,1,-1,6,-7,-2,1,5,9,-8,3,-4,-3,15,-9,-1,1,3,7,-5,2
1,-1,-1,1,1,1,-1,-1,1,6,-7,-2,1,5,9,-8,-3,4,-3,15,-7,-1,-5,11,15,-5,2
1,-1,-1,1,1,1,-1,0,0,6,-7,-2,1,5,9,-8,0,0,-3,15,-8,-1,-2,7,11,-5,2
1,-1,-1,1,1,1,0,-1,0,6,-7,-2,1,5,9,0,-3,0,-3,15,-3,7,-5,7,11,3,2
1,-1,-1,1,1,1,0,0,-1,6,-7,-2,1,5,9,0,0,-4,-3,15,-4,7,-2,3,7,3,2
1,-1,-1,1,1,-1,1,-1,1,6,-7,-2,1,5,-9,8,-3,4,-3,-3,9,15,-5,-7,15,11,2
1,-1,-1,1,1,-1,1,0,0,6,-7,-2,1,5,-9,8,0,0,-3,-3,8,15,-2,-11,11,11,2
1,-1,-1,1,1,-1,-1,1,1,6,-7,-2,1,5,-9,-8,3,4,-3,-3,-1,-1,1,-7,15,-5,2
1,-1,-1,1,1,-1,0,0,1,6,-7,-2,1,5,-9,0,0,4,-3,-3,4,7,-2,-7,15,3,2
1,-1,-1,1,1,0,1,-1,0,6,-7,-2,1,5,0,8,-3,0,-3,6,5,15,-5,-2,11,11,2
1,-1,-1,1,1,0,1,0,-1,6,-7,-2,1,5,0,8,0,-4,-3,6,4,15,-2,-6,7,11,2
1,-1,-1,1,1,0,-1,0,1,6,-7,-2,1,5,0,-8,0,4,-3,6,-4,-1,-2,2,15,-5,2
1,-1,-1,1,1,0,0,-1,1,6,-7,-2,1,5,0,0,-3,4,-3,6,1,7,-5,2,15,3,2
1,-1,-1,1,-1,1,1,1,-1,6,-7,-2,1,-5,9,8,3,-4,-3,5,7,15,-9,3,-3,1,2
1,-1,-1,1,-1,1,1,0,0,6,-7,-2,1,-5,9,8,0,0,-3,5,8,15,-12,7,1,1,2
1,-1,-1,1,-1,-1,1,1,1,6,-7,-2,1,-5,-9,8,3,4,-3,-13,15,15,-9,-7,5,1,2
1,-1,-1,1,-1,0,1,1,0,6,-7,-2,1,-5,0,8,3,0,-3,-4,11,15,-9,-2,1,1,2
1,-1,-1,1,-1,0,1,0,1,6,-7,-2,1,-5,0,8,0,4,-3,-4,12,15,-12,2,5,1,2
1,-1,-1,1,0,1,1,-1,0,6,-7,-2,1,0,9,8,-3,0,-3,10,5,15,-10,7,6,6,2
1,-1,-1,1,0,1,1,0,-1,6,-7,-2,1,0,9,8,0,-4,-3,10,4,15,-7,3,2,6,2
1,-1,-1,1,0,-1,1,1,0,6,-7,-2,1,0,-9,8,3,0,-3,-8,11,15,-4,-11,6,6,2
1,-1,-1,1,0,-1,1,0,1,6,-7,-2,1,0,-9,8,0,4,-3,-8,12,15,-7,-7,10,6,2
1,-1,-1,1,0,0,1,1,-1,6,-7,-2,1,0,0,8,3,-4,-3,1,7,15,-4,-6,2,6,2
1,-1,-1,1,0,0,1,-1,1,6,-7,-2,1,0,0,8,-3,4,-3,1,9,15,-10,2,10,6,2
1,-1,-1,1,0,0,1,0,0,6,-7,-2,1,0,0,8,0,0,-3,1,8,15,-7,-2,6,6,2
1,-1,-1,-1,1,1,1,-1,1,6,-7,-2,-1,5,9,8,-3,4,-3,13,9,13,-5,11,15,11,2
1,-1,-1,-1,1,1,-1,1,1,6,-7,-2,-1,5,9,-8,3,4,-3,13,-1,-3,1,11,15,-5,2
1,-1,-1,-1,1,1,0,0,1,6,-7,-2,-1,5,9,0,0,4,-3,13,4,5,-2,11,15,3,2
1,-1,-1,-1,1,-1,1,1,1,6,-7,-2,-1,5,-9,8,3,4,-3,-5,15,13,1,-7,15,11,2
1,-1,-1,-1,1,0,1,0,1,6,-7,-2,-1,5,0,8,0,4,-3,4,12,13,-2,2,15,11,2
1,-1,-1,-1,1,0,0,1,1,6,-7,-2,-1,5,0,0,3,4,-3,4,7,5,1,2,15,3,2
1,-1,-1,-1,-1,1,1,1,1,6,-7,-2,-1,-5,9,8,3,4,-3,3,15,13,-9,11,5,1,2
1,-1,-1,-1,0,0,1,1,1,6,-7,-2,-1,0,0,8,3,4,-3,-1,15,13,-4,2,10,6,2
1,-1,-1,0,1,1,-1,0,1,6,-7,-2,0,5,9,-8,0,4,-3,14,-4,-2,-2,11,15,-5,2
1,-1,-1,0,1,1,0,-1,1,6,-7,-2,0,5,9,0,-3,4,-3,14,1,6,-5,11,15,3,2
1,-1,-1,0,1,-1,1,0,1,6,-7,-2,0,5,-9,8,0,4,-3,-4,12,14,-2,-7,15,11,2
1,-1,-1,0,1,-1,0,1,1,6,-7,-2,0,5,-9,0,3,4,-3,-4,7,6,1,-7,15,3,2
1,-1,-1,0,1,0,1,-1,1,6,-7,-2,0,5,0,8,-3,4,-3,5,9,14,-5,2,15,11,2
1,-1,-1,0,1,0,-1,1,1,6,-7,-2,0,5,0,-8,3,4,-3,5,-1,-2,1,2,15,-5,2
1,-1,-1,0,1,0,0,0,1,6,-7,-2,0,5,0,0,0,4,-3,5,4,6,-2,2,15,3,2
1,-1,-1,0,-1,0,1,1,1,6,-7,-2,0,-5,0,8,3,4,-3,-5,15,14,-9,2,5,1,2
1,-1,-1,0,0,-1,1,1,1,6,-7,-2,0,0,-9,8,3,4,-3,-9,15,14,-4,-7,10,6,2
1,-1,0,1,1,1,-1,-1,0,6,-7,0,1,5,9,-8,-3,0,-1,15,-11,-1,-5,9,11,-3,2
1,-1,0,1,1,1,-1,0,-1,6,-7,0,1,5,9,-8,0,-4,-1,15,-12,-1,-2,5,7,-3,2
1,-1,0,1,1,1,0,-1,-1,6,-7,0,1,5,9,0,-3,-4,-1,15,-7,7,-5,5,7,5,2
1,-1,0,1,1,-1,1,-1,0,6,-7,0,1,5,-9,8,-3,0,-1,-3,5,15,-5,-9,11,13,2
1,-1,0,1,1,-1,1,0,-1,6,-7,0,1,5,-9,8,0,-4,-1,-3,4,15,-2,-13,7,13,2
1,-1,0,1,1,-1,-1,0,1,6,-7,0,1,5,-9,-8,0,4,-1,-3,-4,-1,-2,-5,15,-3,2
1,-1,0,1,1,-1,0,-1,1,6,-7,0,1,5,-9,0,-3,4,-1,-3,1,7,-5,-5,15,5,2
1,-1,0,1,1,0,1,-1,-1,6,-7,0,1,5,0,8,-3,-4,-1,6,1,15,-5,-4,7,13,2
1,-1,0,1,1,0,-1,-1,1,6,-7,0,1,5,0,-8,-3,4,-1,6,-7,-1,-5,4,15,-3,2
1,-1,0,1,-1,1,1,0,-1,6,-7,0,1,-5,9,8,0,-4,-1,5,4,15,-12,5,-3,3,2
1,-1,0,1,-1,-1,1,1,0,6,-7,0,1,-5,-9,8,3,0,-1,-13,11,15,-9,-9,1,3,2
1,-1,0,1,-1,-1,1,0,1,6,-7,0,1,-5,-9,8,0,4,-1,-13,12,15,-12,-5,5,3,2
1,-1,0,1,-1,0,1,1,-1,6,-7,0,1,-5,0,8,3,-4,-1,-4,7,15,-9,-4,-3,3,2
1,-1,0,1,-1,0,1,0,0,6,-7,0,1,-5,0,8,0,0,-1,-4,8,15,-12,0,1,3,2
1,-1,0,1,0,1,1,-1,-1,6,-7,0,1,0,9,8,-3,-4,-1,10,1,15,-10,5,2,8,2
1,-1,0,1,0,-1,1,1,-1,6,-7,0,1,0,-9,8,3,-4,-1,-8,7,15,-4,-13,2,8,2
1,-1,0,1,0,-1,1,-1,1,6,-7,0,1,0,-9,8,-3,4,-1,-8,9,15,-10,-5,10,8,2
1,-1,0,1,0,-1,1,0,0,6,-7,0,1,0,-9,8,0,0,-1,-8,8,15,-7,-9,6,8,2
1,-1,0,1,0,0,1,-1,0,6,-7,0,1,0,0,8,-3,0,-1,1,5,15,-10,0,6,8,2
1,-1,0,1,0,0,1,0,-1,6,-7,0,1,0,0,8,0,-4,-1,1,4,15,-7,-4,2,8,2
1,-1,0,-1,1,1,-1,0,1,6,-7,0,-1,5,9,-8,0,4,-1,13,-4,-3,-2,13,15,-3,2
1,-1,0,-1,1,1,0,-1,1,6,-7,0,-1,5,9,0,-3,4,-1,13,1,5,-5,13,15,5,2
1,-1,0,-1,1,-1,1,0,1,6,-7,0,-1,5,-9,8,0,4,-1,-5,12,13,-2,-5,15,13,2
1,-1,0,-1,1,-1,0,1,1,6,-7,0,-1,5,-9,0,3,4,-1,-5,7,5,1,-5,15,5,2
1,-1,0,-1,1,0,1,-1,1,6,-7,0,-1,5,0,8,-3,4,-1,4,9,13,-5,4,15,13,2
1,-1,0,-1,1,0,-1,1,1,6,-7,0,-1,5,0,-8,3,4,-1,4,-1,-3,1,4,15,-3,2
1,-1,0,-1,1,0,0,0,1,6,-7,0,-1,5,0,0,0,4,-1,4,4,5,-2,4,15,5,2
1,-1,0,-1,-1,0,1,1,1,6,-7,0,-1,-5,0,8,3,4,-1,-6,15,13,-9,4,5,3,2
1,-1,0,-1,0,-1,1,1,1,6,-7,0,-1,0,-9,8,3,4,-1,-10,15,13,-4,-5,10,8,2
1,-1,0,0,1,1,-1,-1,1,6,-7,0,0,5,9,-8,-3,4,-1,14,-7,-2,-5,13,15,-3,2
1,-1,0,0,1,-1,1,-1,1,6,-7,0,0,5,-9,8,-3,4,-1,-4,9,14,-5,-5,15,13,2
1,-1,0,0,1,-1,-1,1,1,6,-7,0,0,5,-9,-8,3,4,-1,-4,-1,-2,1,-5,15,-3,2
1,-1,0,0,1,-1,0,0,1,6,-7,0,0,5,-9,0,0,4,-1,-4,4,6,-2,-5,15,5,2
1,-1,0,0,1,0,-1,0,1,6,-7,0,0,5,0,-8,0,4,-1,5,-4,-2,-2,4,15,-3,2
1,-1,0,0,1,0,0,-1,1,6,-7,0,0,5,0,0,-3,4,-1,5,1,6,-5,4,15,5,2
1,-1,0,0,-1,-1,1,1,1,6,-7,0,0,-5,-9,8,3,4,-1,-14,15,14,-9,-5,5,3,2
1,0,1,1,-1,-1,1,-1,0,6,0,2,1,-5,-9,8,-3,0,8,-13,5,15,-8,-7,1,5,2
1,0,1,1,-1,-1,1,0,-1,6,0,2,1,-5,-9,8,0,-4,8,-13,4,15,-5,-11,-3,5,2
1,0,1,1,-1,0,1,-1,-1,6,0,2,1,-5,0,8,-3,-4,8,-4,1,15,-8,-2,-3,5,2
1,0,1,1,0,-1,1,-1,-1,6,0,2,1,0,-9,8,-3,-4,8,-8,1,15,-3,-11,2,10,2
1,0,1,-1,1,-1,1,-1,0,6,0,2,-1,5,-9,8,-3,0,8,-5,5,13,2,-7,11,15,2
1,0,1,-1,1,-1,1,0,-1,6,0,2,-1,5,-9,8,0,-4,8,-5,4,13,5,-11,7,15,2
1,0,1,-1,1,-1,-1,0,1,6,0,2,-1,5,-9,-8,0,4,8,-5,-4,-3,5,-3,15,-1,2
1,0,1,-1,1,-1,0,-1,1,6,0,2,-1,5,-9,0,-3,4,8,-5,1,5,2,-3,15,7,2
1,0,1,-1,1,0,1,-1,-1,6,0,2,-1,5,0,8,-3,-4,8,4,1,13,2,-2,7,15,2
1,0,1,-1,1,0,-1,-1,1,6,0,2,-1,5,0,-8,-3,4,8,4,-7,-3,2,6,15,-1,2
1,0,1,-1,-1,1,-1,0,1,6,0,2,-1,-5,9,-8,0,4,8,3,-4,-3,-5,15,5,-11,2
1,0,1,-1,-1,1,0,-1,1,6,0,2,-1,-5,9,0,-3,4,8,3,1,5,-8,15,5,-3,2
1,0,1,-1,0,1,-1,-1,1,6,0,2,-1,0,9,-8,-3,4,8,8,-7,-3,-3,15,10,-6,2
1,0,1,0,1,-1,1,-1,-1,6,0,2,0,5,-9,8,-3,-4,8,-4,1,14,2,-11,7,15,2
1,0,1,0,1,-1,-1,-1,1,6,0,2,0,5,-9,-8,-3,4,8,-4,-7,-2,2,-3,15,-1,2
1,0,1,0,-1,1,-1,-1,1,6,0,2,0,-5,9,-8,-3,4,8,4,-7,-2,-8,15,5,-11,2
1,0,-1,1,1,1,-1,-1,0,6,0,-2,1,5,9,-8,-3,0,4,15,-11,-1,2,7,11,-5,2
1,0,-1,1,1,1,-1,0,-1,6,0,-2,1,5,9,-8,0,-4,4,15,-12,-1,5,3,7,-5,2
1,0,-1,1,1,1,0,-1,-1,6,0,-2,1,5,9,0,-3,-4,4,15,-7,7,2,3,7,3,2
1,0,-1,1,1,-1,1,-1,0,6,0,-2,1,5,-9,8,-3,0,4,-3,5,15,2,-11,11,11,2
1,0,-1,1,1,-1,-1,0,1,6,0,-2,1,5,-9,-8,0,4,4,-3,-4,-1,5,-7,15,-5,2
1,0,-1,1,1,-1,0,-1,1,6,0,-2,1,5,-9,0,-3,4,4,-3,1,7,2,-7,15,3,2
1,0,-1,1,1,0,1,-1,-1,6,0,-2,1,5,0,8,-3,-4,4,6,1,15,2,-6,7,11,2
1,0,-1,1,1,0,-1,-1,1,6,0,-2,1,5,0,-8,-3,4,4,6,-7,-1,2,2,15,-5,2
1,0,-1,1,-1,1,1,-1,0,6,0,-2,1,-5,9,8,-3,0,4,5,5,15,-8,7,1,1,2
1,0,-1,1,-1,1,1,0,-1,6,0,-2,1,-5,9,8,0,-4,4,5,4,15,-5,3,-3,1,2
1,0,-1,1,-1,-1,1,1,0,6,0,-2,1,-5,-9,8,3,0,4,-13,11,15,-2,-11,1,1,2
1,0,-1,1,-1,-1,1,0,1,6,0,-2,1,-5,-9,8,0,4,4,-13,12,15,-5,-7,5,1,2
1,0,-1,1,-1,0,1,1,-1,6,0,-2,1,-5,0,8,3,-4,4,-4,7,15,-2,-6,-3,1,2
1,0,-1,1,-1,0,1,-1,1,6,0,-2,1,-5,0,8,-3,4,4,-4,9,15,-8,2,5,1,2
1,0,-1,1,-1,0,1,0,0,6,0,-2,1,-5,0,8,0,0,4,-4,8,15,-5,-2,1,1,2
1,0,-1,1,0,1,1,-1,-1,6,0,-2,1,0,9,8,-3,-4,4,10,1,15,-3,3,2,6,2
1,0,-1,1,0,-1,1,-1,1,6,0,-2,1,0,-9,8,-3,4,4,-8,9,15,-3,-7,10,6,2
1,0,-1,1,0,-1,1,0,0,6,0,-2,1,0,-9,8,0,0,4,-8,8,15,0,-11,6,6,2
1,0,-1,1,0,0,1,-1,0,6,0,-2,1,0,0,8,-3,0,4,1,5,15,-3,-2,6,6,2
1,0,-1,1,0,0,1,0,-1,6,0,-2,1,0,0,8,0,-4,4,1,4,15,0,-6,2,6,2
1,0,-1,-1,1,1,-1,0,1,6,0,-2,-1,5,9,-8,0,4,4,13,-4,-3,5,11,15,-5,2
1,0,-1,-1,1,1,0,-1,1,6,0,-2,-1,5,9,0,-3,4,4,13,1,5,2,11,15,3,2
1,0,-1,-1,1,-1,1,0,1,6,0,-2,-1,5,-9,8,0,4,4,-5,12,13,5,-7,15,11,2
1,0,-1,-1,1,-1,0,1,1,6,0,-2,-1,5,-9,0,3,4,4,-5,7,5,8,-7,15,3,2
1,0,-1,-1,1,0,1,-1,1,6,0,-2,-1,5,0,8,-3,4,4,4,9,13,2,2,15,11,2
1,0,-1,-1,1,0,-1,1,1,6,0,-2,-1,5,0,-8,3,4,4,4,-1,-3,8,2,15,-5,2
1,0,-1,-1,1,0,0,0,1,6,0,-2,-1,5,0,0,0,4,4,4,4,5,5,2,15,3,2
1,0,-1,-1,-1,0,1,1,1,6,0,-2,-1,-5,0,8,3,4,4,-6,15,13,-2,2,5,1,2
1,0,-1,-1,0,-1,1,1,1,6,0,-2,-1,0,-9,8,3,4,4,-10,15,13,3,-7,10,6,2
1,0,-1,0,1,1,-1,-1,1,6,0,-2,0,5,9,-8,-3,4,4,14,-7,-2,2,11,15,-5,2
1,0,-1,0,1,-1,1,-1,1,6,0,-2,0,5,-9,8,-3,4,4,-4,9,14,2,-7,15,11,2
1,0,-1,0,1,-1,-1,1,1,6,0,-2,0,5,-9,-8,3,4,4,-4,-1,-2,8,-7,15,-5,2
1,0,-1,0,1,-1,0,0,1,6,0,-2,0,5,-9,0,0,4,4,-4,4,6,5,-7,15,3,2
1,0,-1,0,1,0,-1,0,1,6,0,-2,0,5,0,-8,0,4,4,5,-4,-2,5,2,15,-5,2
1,0,-1,0,1,0,0,-1,1,6,0,-2,0,5,0,0,-3,4,4,5,1,6,2,2,15,3,2
1,0,-1,0,-1,-1,1,1,1,6,0,-2,0,-5,-9,8,3,4,4,-14,15,14,-2,-7,5,1,2
1,0,0,1,1,-1,1,-1,-1,6,0,0,1,5,-9,8,-3,-4,6,-3,1,15,2,-13,7,13,2
1,0,0,1,1,-1,-1,-1,1,6,0,0,1,5,-9,-8,-3,4,6,-3,-7,-1,2,-5,15,-3,2
1,0,0,1,-1,1,1,-1,-1,6,0,0,1,-5,9,8,-3,-4,6,5,1,15,-8,5,-3,3,2
1,0,0,1,-1,-1,1,1,-1,6,0,0,1,-5,-9,8,3,-4,6,-13,7,15,-2,-13,-3,3,2
1,0,0,1,-1,-1,1,-1,1,6,0,0,1,-5,-9,8,-3,4,6,-13,9,15,-8,-5,5,3,2
1,0,0,1,-1,-1,1,0,0,6,0,0,1,-5,-9,8,0,0,6,-13,8,15,-5,-9,1,3,2
1,0,0,1,-1,0,1,-1,0,6,0,0,1,-5,0,8,-3,0,6,-4,5,15,-8,0,1,3,2
1,0,0,1,-1,0,1,0,-1,6,0,0,1,-5,0,8,0,-4,6,-4,4,15,-5,-4,-3,3,2
1,0,0,1,0,-1,1,-1,0,6,0,0,1,0,-9,8,-3,0,6,-8,5,15,-3,-9,6,8,2
1,0,0,1,0,-1,1,0,-1,6,0,0,1,0,-9,8,0,-4,6,-8,4,15,0,-13,2,8,2
1,0,0,1,0,0,1,-1,-1,6,0,0,1,0,0,8,-3,-4,6,1,1,15,-3,-4,2,8,2
1,0,0,-1,1,1,-1,-1,1,6,0,0,-1,5,9,-8,-3,4,6,13,-7,-3,2,13,15,-3,2
1,0,0,-1,1,-1,1,-1,1,6,0,0,-1,5,-9,8,-3,4,6,-5,9,13,2,-5,15,13,2
1,0,0,-1,1,-1,-1,1,1,6,0,0,-1,5,-9,-8,3,4,6,-5,-1,-3,8,-5,15,-3,2
1,0,0,-1,1,-1,0,0,1,6,0,0,-1,5,-9,0,0,4,6,-5,4,5,5,-5,15,5,2
1,0,0,-1,1,0,-1,0,1,6,0,0,-1,5,0,-8,0,4,6,4,-4,-3,5,4,15,-3,2
1,0,0,-1,1,0,0,-1,1,6,0,0,-1,5,0,0,-3,4,6,4,1,5,2,4,15,5,2
1,0,0,0,1,-1,-1,0,1,6,0,0,0,5,-9,-8,0,4,6,-4,-4,-2,5,-5,15,-3,2
1,0,0,0,1,-1,0,-1,1,6,0,0,0,5,-9,0,-3,4,6,-4,1,6,2,-5,15,5,2
1,0,0,0,1,0,-1,-1,1,6,0,0,0,5,0,-8,-3,4,6,5,-7,-2,2,4,15,-3,2
-1,1,1,1,1,-1,1,-1,-1,-6,7,2,1,5,-9,8,-3,-4,3,-3,1,3,9,-11,-5,15,2
-1,1,1,1,1,-1,-1,1,-1,-6,7,2,1,5,-9,-8,3,-4,3,-3,-9,-13,15,-11,-5,-1,2
-1,1,1,1,-1,1,-1,-1,1,-6,7,2,1,-5,9,-8,-3,4,3,5,-7,-13,-1,15,-7,-11,2
-1,1,1,-1,1,1,1,-1,-1,-6,7,2,-1,5,9,8,-3,-4,3,13,1,1,9,7,-5,15,2
-1,1,1,-1,1,-1,1,1,-1,-6,7,2,-1,5,-9,8,3,-4,3,-5,7,1,15,-11,-5,15,2
-1,1,1,-1,1,-1,1,-1,1,-6,7,2,-1,5,-9,8,-3,4,3,-5,9,1,9,-3,3,15,2
-1,1,1,-1,1,-1,1,0,0,-6,7,2,-1,5,-9,8,0,0,3,-5,8,1,12,-7,-1,15,2
-1,1,1,-1,1,-1,0,1,0,-6,7,2,-1,5,-9,0,3,0,3,-5,3,-7,15,-7,-1,7,2
-1,1,1,-1,1,0,1,-1,0,-6,7,2,-1,5,0,8,-3,0,3,4,5,1,9,2,-1,15,2
-1,1,1,-1,1,0,1,0,-1,-6,7,2,-1,5,0,8,0,-4,3,4,4,1,12,-2,-5,15,2
-1,1,1,-1,1,0,0,1,-1,-6,7,2,-1,5,0,0,3,-4,3,4,-1,-7,15,-2,-5,7,2
-1,1,1,-1,-1,1,1,-1,1,-6,7,2,-1,-5,9,8,-3,4,3,3,9,1,-1,15,-7,5,2
-1,1,1,-1,-1,1,0,0,1,-6,7,2,-1,-5,9,0,0,4,3,3,4,-7,2,15,-7,-3,2
-1,1,1,-1,0,1,0,-1,1,-6,7,2,-1,0,9,0,-3,4,3,8,1,-7,4,15,-2,2,2
-1,1,1,0,1,-1,1,-1,0,-6,7,2,0,5,-9,8,-3,0,3,-4,5,2,9,-7,-1,15,2
-1,1,1,0,1,-1,1,0,-1,-6,7,2,0,5,-9,8,0,-4,3,-4,4,2,12,-11,-5,15,2
-1,1,1,0,1,-1,-1,1,0,-6,7,2,0,5,-9,-8,3,0,3,-4,-5,-14,15,-7,-1,-1,2
-1,1,1,0,1,-1,0,1,-1,-6,7,2,0,5,-9,0,3,-4,3,-4,-1,-6,15,-11,-5,7,2
-1,1,1,0,1,0,1,-1,-1,-6,7,2,0,5,0,8,-3,-4,3,5,1,2,9,-2,-5,15,2
-1,1,1,0,1,0,-1,1,-1,-6,7,2,0,5,0,-8,3,-4,3,5,-9,-14,15,-2,-5,-1,2
-1,1,1,0,-1,1,-1,0,1,-6,7,2,0,-5,9,-8,0,4,3,4,-4,-14,2,15,-7,-11,2
-1,1,1,0,-1,1,0,-1,1,-6,7,2,0,-5,9,0,-3,4,3,4,1,-6,-1,15,-7,-3,2
-1,1,1,0,0,1,-1,-1,1,-6,7,2,0,0,9,-8,-3,4,3,9,-7,-14,4,15,-2,-6,2
-1,1,-1,1,1,1,1,-1,-1,-6,7,-2,1,5,9,8,-3,-4,-1,15,1,3,9,3,-5,11,2
-1,1,-1,1,1,1,-1,1,-1,-6,7,-2,1,5,9,-8,3,-4,-1,15,-9,-13,15,3,-5,-5,2
-1,1,-1,1,1,1,-1,-1,1,-6,7,-2,1,5,9,-8,-3,4,-1,15,-7,-13,9,11,3,-5,2
-1,1,-1,1,1,1,-1,0,0,-6,7,-2,1,5,9,-8,0,0,-1,15,-8,-13,12,7,-1,-5,2
-1,1,-1,1,1,1,0,-1,0,-6,7,-2,1,5,9,0,-3,0,-1,15,-3,-5,9,7,-1,3,2
-1,1,-1,1,1,1,0,0,-1,-6,7,-2,1,5,9,0,0,-4,-1,15,-4,-5,12,3,-5,3,2
-1,1,-1,1,1,-1,-1,1,1,-6,7,-2,1,5,-9,-8,3,4,-1,-3,-1,-13,15,-7,3,-5,2
-1,1,-1,1,1,-1,0,1,0,-6,7,-2,1,5,-9,0,3,0,-1,-3,3,-5,15,-11,-1,3,2
-1,1,-1,1,1,0,-1,1,0,-6,7,-2,1,5,0,-8,3,0,-1,6,-5,-13,15,-2,-1,-5,2
-1,1,-1,1,1,0,0,1,-1,-6,7,-2,1,5,0,0,3,-4,-1,6,-1,-5,15,-6,-5,3,2
-1,1,-1,1,-1,-1,1,1,1,-6,7,-2,1,-5,-9,8,3,4,-1,-13,15,3,5,-7,-7,1,2
-1,1,-1,-1,1,1,1,1,-1,-6,7,-2,-1,5,9,8,3,-4,-1,13,7,1,15,3,-5,11,2
-1,1,-1,-1,1,1,0,1,0,-6,7,-2,-1,5,9,0,3,0,-1,13,3,-7,15,7,-1,3,2
-1,1,-1,-1,1,-1,1,1,1,-6,7,-2,-1,5,-9,8,3,4,-1,-5,15,1,15,-7,3,11,2
-1,1,-1,-1,1,0,1,1,0,-6,7,-2,-1,5,0,8,3,0,-1,4,11,1,15,-2,-1,11,2
-1,1,-1,-1,1,0,0,1,1,-6,7,-2,-1,5,0,0,3,4,-1,4,7,-7,15,2,3,3,2
-1,1,-1,-1,-1,1,1,1,1,-6,7,-2,-1,-5,9,8,3,4,-1,3,15,1,5,11,-7,1,2
-1,1,-1,-1,0,0,1,1,1,-6,7,-2,-1,0,0,8,3,4,-1,-1,15,1,10,2,-2,6,2
-1,1,-1,0,1,1,-1,1,0,-6,7,-2,0,5,9,-8,3,0,-1,14,-5,-14,15,7,-1,-5,2
-1,1,-1,0,1,1,0,1,-1,-6,7,-2,0,5,9,0,3,-4,-1,14,-1,-6,15,3,-5,3,2
-1,1,-1,0,1,-1,1,1,0,-6,7,-2,0,5,-9,8,3,0,-1,-4,11,2,15,-11,-1,11,2
-1,1,-1,0,1,-1,0,1,1,-6,7,-2,0,5,-9,0,3,4,-1,-4,7,-6,15,-7,3,3,2
-1,1,-1,0,1,0,1,1,-1,-6,7,-2,0,5,0,8,3,-4,-1,5,7,2,15,-6,-5,11,2
-1,1,-1,0,1,0,-1,1,1,-6,7,-2,0,5,0,-8,3,4,-1,5,-1,-14,15,2,3,-5,2
-1,1,-1,0,1,0,0,1,0,-6,7,-2,0,5,0,0,3,0,-1,5,3,-6,15,-2,-1,3,2
-1,1,-1,0,-1,0,1,1,1,-6,7,-2,0,-5,0,8,3,4,-1,-5,15,2,5,2,-7,1,2
-1,1,-1,0,0,-1,1,1,1,-6,7,-2,0,0,-9,8,3,4,-1,-9,15,2,10,-7,-2,6,2
-1,1,0,1,1,1,-1,-1,0,-6,7,0,1,5,9,-8,-3,0,1,15,-11,-13,9,9,-1,-3,2
-1,1,0,1,1,1,-1,0,-1,-6,7,0,1,5,9,-8,0,-4,1,15,-12,-13,12,5,-5,-3,2
-1,1,0,1,1,1,0,-1,-1,-6,7,0,1,5,9,0,-3,-4,1,15,-7,-5,9,5,-5,5,2
-1,1,0,1,1,-1,-1,1,0,-6,7,0,1,5,-9,-8,3,0,1,-3,-5,-13,15,-9,-1,-3,2
-1,1,0,1,1,-1,0,1,-1,-6,7,0,1,5,-9,0,3,-4,1,-3,-1,-5,15,-13,-5,5,2
-1,1,0,1,1,0,-1,1,-1,-6,7,0,1,5,0,-8,3,-4,1,6,-9,-13,15,-4,-5,-3,2
-1,1,0,-1,1,1,0,1,-1,-6,7,0,-1,5,9,0,3,-4,1,13,-1,-7,15,5,-5,5,2
-1,1,0,-1,1,-1,1,1,0,-6,7,0,-1,5,-9,8,3,0,1,-5,11,1,15,-9,-1,13,2
-1,1,0,-1,1,-1,0,1,1,-6,7,0,-1,5,-9,0,3,4,1,-5,7,-7,15,-5,3,5,2
-1,1,0,-1,1,0,1,1,-1,-6,7,0,-1,5,0,8,3,-4,1,4,7,1,15,-4,-5,13,2
-1,1,0,-1,1,0,0,1,0,-6,7,0,-1,5,0,0,3,0,1,4,3,-7,15,0,-1,5,2
-1,1,0,-1,-1,0,1,1,1,-6,7,0,-1,-5,0,8,3,4,1,-6,15,1,5,4,-7,3,2
-1,1,0,-1,0,-1,1,1,1,-6,7,0,-1,0,-9,8,3,4,1,-10,15,1,10,-5,-2,8,2
-1,1,0,0,1,1,-1,1,-1,-6,7,0,0,5,9,-8,3,-4,1,14,-9,-14,15,5,-5,-3,2
-1,1,0,0,1,-1,1,1,-1,-6,7,0,0,5,-9,8,3,-4,1,-4,7,2,15,-13,-5,13,2
-1,1,0,0,1,-1,-1,1,1,-6,7,0,0,5,-9,-8,3,4,1,-4,-1,-14,15,-5,3,-3,2
-1,1,0,0,1,-1,0,1,0,-6,7,0,0,5,-9,0,3,0,1,-4,3,-6,15,-9,-1,5,2
-1,1,0,0,1,0,-1,1,0,-6,7,0,0,5,0,-8,3,0,1,5,-5,-14,15,0,-1,-3,2
-1,1,0,0,1,0,0,1,-1,-6,7,0,0,5,0,0,3,-4,1,5,-1,-6,15,-4,-5,5,2
-1,1,0,0,-1,-1,1,1,1,-6,7,0,0,-5,-9,8,3,4,1,-14,15,2,5,-5,-7,3,2
-1,-1,1,1,1,1,1,-1,-1,-6,-7,2,1,5,9,8,-3,-4,-11,15,1,3,-5,7,-5,15,2
-1,-1,1,1,1,1,-1,1,-1,-6,-7,2,1,5,9,-8,3,-4,-11,15,-9,-13,1,7,-5,-1,2
-1,-1,1,1,1,1,-1,-1,1,-6,-7,2,1,5,9,-8,-3,4,-11,15,-7,-13,-5,15,3,-1,2
-1,-1,1,1,1,1,-1,0,0,-6,-7,2,1,5,9,-8,0,0,-11,15,-8,-13,-2,11,-1,-1,2
-1,-1,1,1,1,1,0,-1,0,-6,-7,2,1,5,9,0,-3,0,-11,15,-3,-5,-5,11,-1,7,2
-1,-1,1,1,1,1,0,0,-1,-6,-7,2,1,5,9,0,0,-4,-11,15,-4,-5,-2,7,-5,7,2
-1,-1,1,1,1,-1,1,1,-1,-6,-7,2,1,5,-9,8,3,-4,-11,-3,7,3,1,-11,-5,15,2
-1,-1,1,1,1,-1,1,-1,1,-6,-7,2,1,5,-9,8,-3,4,-11,-3,9,3,-5,-3,3,15,2
-1,-1,1,1,1,-1,1,0,0,-6,-7,2,1,5,-9,8,0,0,-11,-3,8,3,-2,-7,-1,15,2
-1,-1,1,1,1,0,1,-1,0,-6,-7,2,1,5,0,8,-3,0,-11,6,5,3,-5,2,-1,15,2
-1,-1,1,1,1,0,1,0,-1,-6,-7,2,1,5,0,8,0,-4,-11,6,4,3,-2,-2,-5,15,2
-1,-1,1,1,-1,1,-1,1,1,-6,-7,2,1,-5,9,-8,3,4,-11,5,-1,-13,-9,15,-7,-11,2
-1,-1,1,1,-1,1,0,0,1,-6,-7,2,1,-5,9,0,0,4,-11,5,4,-5,-12,15,-7,-3,2
-1,-1,1,1,-1,-1,1,1,1,-6,-7,2,1,-5,-9,8,3,4,-11,-13,15,3,-9,-3,-7,5,2
-1,-1,1,1,0,1,-1,0,1,-6,-7,2,1,0,9,-8,0,4,-11,10,-4,-13,-7,15,-2,-6,2
-1,-1,1,1,0,1,0,-1,1,-6,-7,2,1,0,9,0,-3,4,-11,10,1,-5,-10,15,-2,2,2
-1,-1,1,-1,1,1,1,1,-1,-6,-7,2,-1,5,9,8,3,-4,-11,13,7,1,1,7,-5,15,2
-1,-1,1,-1,1,1,1,-1,1,-6,-7,2,-1,5,9,8,-3,4,-11,13,9,1,-5,15,3,15,2
-1,-1,1,-1,1,1,1,0,0,-6,-7,2,-1,5,9,8,0,0,-11,13,8,1,-2,11,-1,15,2
-1,-1,1,-1,1,1,0,0,1,-6,-7,2,-1,5,9,0,0,4,-11,13,4,-7,-2,15,3,7,2
-1,-1,1,-1,1,-1,1,1,1,-6,-7,2,-1,5,-9,8,3,4,-11,-5,15,1,1,-3,3,15,2
-1,-1,1,-1,1,0,1,1,0,-6,-7,2,-1,5,0,8,3,0,-11,4,11,1,1,2,-1,15,2
-1,-1,1,-1,1,0,1,0,1,-6,-7,2,-1,5,0,8,0,4,-11,4,12,1,-2,6,3,15,2
-1,-1,1,-1,-1,1,1,1,1,-6,-7,2,-1,-5,9,8,3,4,-11,3,15,1,-9,15,-7,5,2
-1,-1,1,-1,0,1,1,0,1,-6,-7,2,-1,0,9,8,0,4,-11,8,12,1,-7,15,-2,10,2
-1,-1,1,-1,0,1,0,1,1,-6,-7,2,-1,0,9,0,3,4,-11,8,7,-7,-4,15,-2,2,2
-1,-1,1,-1,0,0,1,1,1,-6,-7,2,-1,0,0,8,3,4,-11,-1,15,1,-4,6,-2,10,2
-1,-1,1,0,1,1,1,-1,0,-6,-7,2,0,5,9,8,-3,0,-11,14,5,2,-5,11,-1,15,2
-1,-1,1,0,1,1,1,0,-1,-6,-7,2,0,5,9,8,0,-4,-11,14,4,2,-2,7,-5,15,2
-1,-1,1,0,1,1,-1,0,1,-6,-7,2,0,5,9,-8,0,4,-11,14,-4,-14,-2,15,3,-1,2
-1,-1,1,0,1,1,0,-1,1,-6,-7,2,0,5,9,0,-3,4,-11,14,1,-6,-5,15,3,7,2
-1,-1,1,0,1,-1,1,1,0,-6,-7,2,0,5,-9,8,3,0,-11,-4,11,2,1,-7,-1,15,2
-1,-1,1,0,1,-1,1,0,1,-6,-7,2,0,5,-9,8,0,4,-11,-4,12,2,-2,-3,3,15,2
-1,-1,1,0,1,0,1,1,-1,-6,-7,2,0,5,0,8,3,-4,-11,5,7,2,1,-2,-5,15,2
-1,-1,1,0,1,0,1,-1,1,-6,-7,2,0,5,0,8,-3,4,-11,5,9,2,-5,6,3,15,2
-1,-1,1,0,1,0,1,0,0,-6,-7,2,0,5,0,8,0,0,-11,5,8,2,-2,2,-1,15,2
-1,-1,1,0,-1,1,1,0,1,-6,-7,2,0,-5,9,8,0,4,-11,4,12,2,-12,15,-7,5,2
-1,-1,1,0,-1,1,0,1,1,-6,-7,2,0,-5,9,0,3,4,-11,4,7,-6,-9,15,-7,-3,2
-1,-1,1,0,-1,0,1,1,1,-6,-7,2,0,-5,0,8,3,4,-11,-5,15,2,-9,6,-7,5,2
-1,-1,1,0,0,1,1,-1,1,-6,-7,2,0,0,9,8,-3,4,-11,9,9,2,-10,15,-2,10,2
-1,-1,1,0,0,1,-1,1,1,-6,-7,2,0,0,9,-8,3,4,-11,9,-1,-14,-4,15,-2,-6,2
-1,-1,1,0,0,1,0,0,1,-6,-7,2,0,0,9,0,0,4,-11,9,4,-6,-7,15,-2,2,2
-1,-1,1,0,0,-1,1,1,1,-6,-7,2,0,0,-9,8,3,4,-11,-9,15,2,-4,-3,-2,10,2
-1,-1,0,1,1,1,1,-1,0,-6,-7,0,1,5,9,8,-3,0,-13,15,5,3,-5,9,-1,13,2
-1,-1,0,1,1,1,1,0,-1,-6,-7,0,1,5,9,8,0,-4,-13,15,4,3,-2,5,-5,13,2
-1,-1,0,1,1,1,-1,1,0,-6,-7,0,1,5,9,-8,3,0,-13,15,-5,-13,1,9,-1,-3,2
-1,-1,0,1,1,1,-1,0,1,-6,-7,0,1,5,9,-8,0,4,-13,15,-4,-13,-2,13,3,-3,2
-1,-1,0,1,1,1,0,1,-1,-6,-7,0,1,5,9,0,3,-4,-13,15,-1,-5,1,5,-5,5,2
-1,-1,0,1,1,1,0,-1,1,-6,-7,0,1,5,9,0,-3,4,-13,15,1,-5,-5,13,3,5,2
-1,-1,0,1,1,1,0,0,0,-6,-7,0,1,5,9,0,0,0,-13,15,0,-5,-2,9,-1,5,2
-1,-1,0,1,-1,0,1,1,1,-6,-7,0,1,-5,0,8,3,4,-13,-4,15,3,-9,4,-7,3,2
-1,-1,0,1,0,-1,1,1,1,-6,-7,0,1,0,-9,8,3,4,-13,-8,15,3,-4,-5,-2,8,2
-1,-1,0,-1,1,0,1,1,1,-6,-7,0,-1,5,0,8,3,4,-13,4,15,1,1,4,3,13,2
-1,-1,0,-1,0,1,1,1,1,-6,-7,0,-1,0,9,8,3,4,-13,8,15,1,-4,13,-2,8,2
-1,-1,0,0,1,-1,1,1,1,-6,-7,0,0,5,-9,8,3,4,-13,-4,15,2,1,-5,3,13,2
-1,-1,0,0,-1,1,1,1,1,-6,-7,0,0,-5,9,8,3,4,-13,4,15,2,-9,13,-7,3,2
-1,-1,0,0,0,0,1,1,1,-6,-7,0,0,0,0,8,3,4,-13,0,15,2,-4,4,-2,8,2
-1,0,1,1,1,1,-1,-1,0,-6,0,2,1,5,9,-8,-3,0,-4,15,-11,-13,2,11,-1,-1,2
-1,0,1,1,1,1,-1,0,-1,-6,0,2,1,5,9,-8,0,-4,-4,15,-12,-13,5,7,-5,-1,2
-1,0,1,1,1,1,0,-1,-1,-6,0,2,1,5,9,0,-3,-4,-4,15,-7,-5,2,7,-5,7,2
-1,0,1,1,1,-1,1,-1,0,-6,0,2,1,5,-9,8,-3,0,-4,-3,5,3,2,-7,-1,15,2
-1,0,1,1,1,-1,1,0,-1,-6,0,2,1,5,-9,8,0,-4,-4,-3,4,3,5,-11,-5,15,2
-1,0,1,1,1,0,1,-1,-1,-6,0,2,1,5,0,8,-3,-4,-4,6,1,3,2,-2,-5,15,2
-1,0,1,1,-1,1,-1,0,1,-6,0,2,1,-5,9,-8,0,4,-4,5,-4,-13,-5,15,-7,-11,2
-1,0,1,1,-1,1,0,-1,1,-6,0,2,1,-5,9,0,-3,4,-4,5,1,-5,-8,15,-7,-3,2
-1,0,1,1,0,1,-1,-1,1,-6,0,2,1,0,9,-8,-3,4,-4,10,-7,-13,-3,15,-2,-6,2
-1,0,1,-1,1,1,1,-1,0,-6,0,2,-1,5,9,8,-3,0,-4,13,5,1,2,11,-1,15,2
-1,0,1,-1,1,1,1,0,-1,-6,0,2,-1,5,9,8,0,-4,-4,13,4,1,5,7,-5,15,2
-1,0,1,-1,1,1,0,-1,1,-6,0,2,-1,5,9,0,-3,4,-4,13,1,-7,2,15,3,7,2
-1,0,1,-1,1,-1,1,1,0,-6,0,2,-1,5,-9,8,3,0,-4,-5,11,1,8,-7,-1,15,2
-1,0,1,-1,1,-1,1,0,1,-6,0,2,-1,5,-9,8,0,4,-4,-5,12,1,5,-3,3,15,2
-1,0,1,-1,1,0,1,1,-1,-6,0,2,-1,5,0,8,3,-4,-4,4,7,1,8,-2,-5,15,2
-1,0,1,-1,1,0,1,-1,1,-6,0,2,-1,5,0,8,-3,4,-4,4,9,1,2,6,3,15,2
-1,0,1,-1,1,0,1,0,0,-6,0,2,-1,5,0,8,0,0,-4,4,8,1,5,2,-1,15,2
-1,0,1,-1,-1,1,1,0,1,-6,0,2,-1,-5,9,8,0,4,-4,3,12,1,-5,15,-7,5,2
-1,0,1,-1,-1,1,0,1,1,-6,0,2,-1,-5,9,0,3,4,-4,3,7,-7,-2,15,-7,-3,2
-1,0,1,-1,-1,0,1,1,1,-6,0,2,-1,-5,0,8,3,4,-4,-6,15,1,-2,6,-7,5,2
-1,0,1,-1,0,1,1,-1,1,-6,0,2,-1,0,9,8,-3,4,-4,8,9,1,-3,15,-2,10,2
-1,0,1,-1,0,1,0,0,1,-6,0,2,-1,0,9,0,0,4,-4,8,4,-7,0,15,-2,2,2
-1,0,1,-1,0,-1,1,1,1,-6,0,2,-1,0,-9,8,3,4,-4,-10,15,1,3,-3,-2,10,2
-1,0,1,0,1,1,1,-1,-1,-6,0,2,0,5,9,8,-3,-4,-4,14,1,2,2,7,-5,15,2
-1,0,1,0,1,1,-1,-1,1,-6,0,2,0,5,9,-8,-3,4,-4,14,-7,-14,2,15,3,-1,2
-1,0,1,0,1,-1,1,1,-1,-6,0,2,0,5,-9,8,3,-4,-4,-4,7,2,8,-11,-5,15,2
-1,0,1,0,1,-1,1,-1,1,-6,0,2,0,5,-9,8,-3,4,-4,-4,9,2,2,-3,3,15,2
-1,0,1,0,1,-1,1,0,0,-6,0,2,0,5,-9,8,0,0,-4,-4,8,2,5,-7,-1,15,2
-1,0,1,0,1,0,1,-1,0,-6,0,2,0,5,0,8,-3,0,-4,5,5,2,2,2,-1,15,2
-1,0,1,0,1,0,1,0,-1,-6,0,2,0,5,0,8,0,-4,-4,5,4,2,5,-2,-5,15,2
-1,0,1,0,-1,1,1,-1,1,-6,0,2,0,-5,9,8,-3,4,-4,4,9,2,-8,15,-7,5,2
-1,0,1,0,-1,1,-1,1,1,-6,0,2,0,-5,9,-8,3,4,-4,4,-1,-14,-2,15,-7,-11,2
-1,0,1,0,-1,1,0,0,1,-6,0,2,0,-5,9,0,0,4,-4,4,4,-6,-5,15,-7,-3,2
-1,0,1,0,-1,-1,1,1,1,-6,0,2,0,-5,-9,8,3,4,-4,-14,15,2,-2,-3,-7,5,2
-1,0,1,0,0,1,-1,0,1,-6,0,2,0,0,9,-8,0,4,-4,9,-4,-14,0,15,-2,-6,2
-1,0,1,0,0,1,0,-1,1,-6,0,2,0,0,9,0,-3,4,-4,9,1,-6,-3,15,-2,2,2
-1,0,-1,1,1,1,1,-1,0,-6,0,-2,1,5,9,8,-3,0,-8,15,5,3,2,7,-1,11,2
-1,0,-1,1,1,1,1,0,-1,-6,0,-2,1,5,9,8,0,-4,-8,15,4,3,5,3,-5,11,2
-1,0,-1,1,1,1,-1,1,0,-6,0,-2,1,5,9,-8,3,0,-8,15,-5,-13,8,7,-1,-5,2
-1,0,-1,1,1,1,-1,0,1,-6,0,-2,1,5,9,-8,0,4,-8,15,-4,-13,5,11,3,-5,2
-1,0,-1,1,1,1,0,1,-1,-6,0,-2,1,5,9,0,3,-4,-8,15,-1,-5,8,3,-5,3,2
-1,0,-1,1,1,1,0,-1,1,-6,0,-2,1,5,9,0,-3,4,-8,15,1,-5,2,11,3,3,2
-1,0,-1,1,1,1,0,0,0,-6,0,-2,1,5,9,0,0,0,-8,15,0,-5,5,7,-1,3,2
-1,0,-1,1,-1,0,1,1,1,-6,0,-2,1,-5,0,8,3,4,-8,-4,15,3,-2,2,-7,1,2
-1,0,-1,1,0,-1,1,1,1,-6,0,-2,1,0,-9,8,3,4,-8,-8,15,3,3,-7,-2,6,2
-1,0,-1,-1,1,0,1,1,1,-6,0,-2,-1,5,0,8,3,4,-8,4,15,1,8,2,3,11,2
-1,0,-1,-1,0,1,1,1,1,-6,0,-2,-1,0,9,8,3,4,-8,8,15,1,3,11,-2,6,2
-1,0,-1,0,1,-1,1,1,1,-6,0,-2,0,5,-9,8,3,4,-8,-4,15,2,8,-7,3,11,2
-1,0,-1,0,-1,1,1,1,1,-6,0,-2,0,-5,9,8,3,4,-8,4,15,2,-2,11,-7,1,2
-1,0,-1,0,0,0,1,1,1,-6,0,-2,0,0,0,8,3,4,-8,0,15,2,3,2,-2,6,2
-1,0,0,1,1,1,1,-1,-1,-6,0,0,1,5,9,8,-3,-4,-6,15,1,3,2,5,-5,13,2
-1,0,0,1,1,1,-1,1,-1,-6,0,0,1,5,9,-8,3,-4,-6,15,-9,-13,8,5,-5,-3,2
-1,0,0,1,1,1,-1,-1,1,-6,0,0,1,5,9,-8,-3,4,-6,15,-7,-13,2,13,3,-3,2
-1,0,0,1,1,1,-1,0,0,-6,0,0,1,5,9,-8,0,0,-6,15,-8,-13,5,9,-1,-3,2
-1,0,0,1,1,1,0,-1,0,-6,0,0,1,5,9,0,-3,0,-6,15,-3,-5,2,9,-1,5,2
-1,0,0,1,1,1,0,0,-1,-6,0,0,1,5,9,0,0,-4,-6,15,-4,-5,5,5,-5,5,2
-1,0,0,1,-1,-1,1,1,1,-6,0,0,1,-5,-9,8,3,4,-6,-13,15,3,-2,-5,-7,3,2
-1,0,0,-1,1,-1,1,1,1,-6,0,0,-1,5,-9,8,3,4,-6,-5,15,1,8,-5,3,13,2
-1,0,0,-1,-1,1,1,1,1,-6,0,0,-1,-5,9,8,3,4,-6,3,15,1,-2,13,-7,3,2
-1,0,0,-1,0,0,1,1,1,-6,0,0,-1,0,0,8,3,4,-6,-1,15,1,3,4,-2,8,2
-1,0,0,0,-1,0,1,1,1,-6,0,0,0,-5,0,8,3,4,-6,-5,15,2,-2,4,-7,3,2
-1,0,0,0,0,-1,1,1,1,-6,0,0,0,0,-9,8,3,4,-6,-9,15,2,3,-5,-2,8,2
0,1,1,-1,1,-1,1,-1,0,0,7,2,-1,5,-9,8,-3,0,9,-5,5,7,9,-7,5,15,2
0,1,1,-1,1,-1,1,0,-1,0,7,2,-1,5,-9,8,0,-4,9,-5,4,7,12,-11,1,15,2
0,1,1,-1,1,-1,-1,1,0,0,7,2,-1,5,-9,-8,3,0,9,-5,-5,-9,15,-7,5,-1,2
0,1,1,-1,1,-1,0,1,-1,0,7,2,-1,5,-9,0,3,-4,9,-5,-1,-1,15,-11,1,7,2
0,1,1,-1,1,0,1,-1,-1,0,7,2,-1,5,0,8,-3,-4,9,4,1,7,9,-2,1,15,2
0,1,1,-1,1,0,-1,1,-1,0,7,2,-1,5,0,-8,3,-4,9,4,-9,-9,15,-2,1,-1,2
0,1,1,-1,-1,1,-1,0,1,0,7,2,-1,-5,9,-8,0,4,9,3,-4,-9,2,15,-1,-11,2
0,1,1,-1,-1,1,0,-1,1,0,7,2,-1,-5,9,0,-3,4,9,3,1,-1,-1,15,-1,-3,2
0,1,1,-1,0,1,-1,-1,1,0,7,2,-1,0,9,-8,-3,4,9,8,-7,-9,4,15,4,-6,2
0,1,1,0,1,-1,1,-1,-1,0,7,2,0,5,-9,8,-3,-4,9,-4,1,8,9,-11,1,15,2
0,1,1,0,1,-1,-1,1,-1,0,7,2,0,5,-9,-8,3,-4,9,-4,-9,-8,15,-11,1,-1,2
0,1,1,0,-1,1,-1,-1,1,0,7,2,0,-5,9,-8,-3,4,9,4,-7,-8,-1,15,-1,-11,2
0,1,-1,1,1,1,-1,-1,0,0,7,-2,1,5,9,-8,-3,0,5,15,-11,-7,9,7,5,-5,2
0,1,-1,1,1,1,-1,0,-1,0,7,-2,1,5,9,-8,0,-4,5,15,-12,-7,12,3,1,-5,2
0,1,-1,1,1,1,0,-1,-1,0,7,-2,1,5,9,0,-3,-4,5,15,-7,1,9,3,1,3,2
0,1,-1,1,1,-1,-1,1,0,0,7,-2,1,5,-9,-8,3,0,5,-3,-5,-7,15,-11,5,-5,2
0,1,-1,1,1,0,-1,1,-1,0,7,-2,1,5,0,-8,3,-4,5,6,-9,-7,15,-6,1,-5,2
0,1,-1,-1,1,1,-1,1,0,0,7,-2,-1,5,9,-8,3,0,5,13,-5,-9,15,7,5,-5,2
0,1,-1,-1,1,1,0,1,-1,0,7,-2,-1,5,9,0,3,-4,5,13,-1,-1,15,3,1,3,2
0,1,-1,-1,1,-1,1,1,0,0,7,-2,-1,5,-9,8,3,0,5,-5,11,7,15,-11,5,11,2
0,1,-1,-1,1,-1,0,1,1,0,7,-2,-1,5,-9,0,3,4,5,-5,7,-1,15,-7,9,3,2
0,1,-1,-1,1,0,1,1,-1,0,7,-2,-1,5,0,8,3,-4,5,4,7,7,15,-6,1,11,2
0,1,-1,-1,1,0,-1,1,1,0,7,-2,-1,5,0,-8,3,4,5,4,-1,-9,15,2,9,-5,2
0,1,-1,-1,1,0,0,1,0,0,7,-2,-1,5,0,0,3,0,5,4,3,-1,15,-2,5,3,2
0,1,-1,-1,-1,0,1,1,1,0,7,-2,-1,-5,0,8,3,4,5,-6,15,7,5,2,-1,1,2
0,1,-1,-1,0,-1,1,1,1,0,7,-2,-1,0,-9,8,3,4,5,-10,15,7,10,-7,4,6,2
0,1,-1,0,1,1,-1,1,-1,0,7,-2,0,5,9,-8,3,-4,5,14,-9,-8,15,3,1,-5,2
0,1,-1,0,1,-1,-1,1,1,0,7,-2,0,5,-9,-8,3,4,5,-4,-1,-8,15,-7,9,-5,2
0,1,-1,0,1,-1,0,1,0,0,7,-2,0,5,-9,0,3,0,5,-4,3,0,15,-11,5,3,2
0,1,-1,0,1,0,-1,1,0,0,7,-2,0,5,0,-8,3,0,5,5,-5,-8,15,-2,5,-5,2
0,1,-1,0,1,0,0,1,-1,0,7,-2,0,5,0,0,3,-4,5,5,-1,0,15,-6,1,3,2
0,1,-1,0,-1,-1,1,1,1,0,7,-2,0,-5,-9,8,3,4,5,-14,15,8,5,-7,-1,1,2
0,1,0,1,1,-1,-1,1,-1,0,7,0,1,5,-9,-8,3,-4,7,-3,-9,-7,15,-13,1,-3,2
0,1,0,-1,1,1,-1,1,-1,0,7,0,-1,5,9,-8,3,-4,7,13,-9,-9,15,5,1,-3,2
0,1,0,-1,1,-1,1,1,-1,0,7,0,-1,5,-9,8,3,-4,7,-5,7,7,15,-13,1,13,2
0,1,0,-1,1,-1,-1,1,1,0,7,0,-1,5,-9,-8,3,4,7,-5,-1,-9,15,-5,9,-3,2
0,1,0,-1,1,-1,0,1,0,0,7,0,-1,5,-9,0,3,0,7,-5,3,-1,15,-9,5,5,2
0,1,0,-1,1,0,-1,1,0,0,7,0,-1,5,0,-8,3,0,7,4,-5,-9,15,0,5,-3,2
0,1,0,-1,1,0,0,1,-1,0,7,0,-1,5,0,0,3,-4,7,4,-1,-1,15,-4,1,5,2
0,1,0,0,1,-1,-1,1,0,0,7,0,0,5,-9,-8,3,0,7,-4,-5,-8,15,-9,5,-3,2
0,1,0,0,1,-1,0,1,-1,0,7,0,0,5,-9,0,3,-4,7,-4,-1,0,15,-13,1,5,2
0,1,0,0,1,0,-1,1,-1,0,7,0,0,5,0,-8,3,-4,7,5,-9,-8,15,-4,1,-3,2
0,-1,1,1,1,1,-1,-1,0,0,-7,2,1,5,9,-8,-3,0,-5,15,-11,-7,-5,11,5,-1,2
0,-1,1,1,1,1,-1,0,-1,0,-7,2,1,5,9,-8,0,-4,-5,15,-12,-7,-2,7,1,-1,2
0,-1,1,1,1,1,0,-1,-1,0,-7,2,1,5,9,0,-3,-4,-5,15,-7,1,-5,7,1,7,2
0,-1,1,1,1,-1,1,-1,0,0,-7,2,1,5,-9,8,-3,0,-5,-3,5,9,-5,-7,5,15,2
0,-1,1,1,1,-1,1,0,-1,0,-7,2,1,5,-9,8,0,-4,-5,-3,4,9,-2,-11,1,15,2
0,-1,1,1,1,0,1,-1,-1,0,-7,2,1,5,0,8,-3,-4,-5,6,1,9,-5,-2,1,15,2
0,-1,1,1,-1,1,-1,0,1,0,-7,2,1,-5,9,-8,0,4,-5,5,-4,-7,-12,15,-1,-11,2
0,-1,1,1,0,1,-1,-1,1,0,-7,2,1,0,9,-8,-3,4,-5,10,-7,-7,-10,15,4,-6,2
0,-1,1,-1,1,1,1,-1,0,0,-7,2,-1,5,9,8,-3,0,-5,13,5,7,-5,11,5,15,2
0,-1,1,-1,1,1,1,0,-1,0,-7,2,-1,5,9,8,0,-4,-5,13,4,7,-2,7,1,15,2
0,-1,1,-1,1,1,-1,0,1,0,-7,2,-1,5,9,-8,0,4,-5,13,-4,-9,-2,15,9,-1,2
0,-1,1,-1,1,1,0,-1,1,0,-7,2,-1,5,9,0,-3,4,-5,13,1,-1,-5,15,9,7,2
0,-1,1,-1,1,-1,1,1,0,0,-7,2,-1,5,-9,8,3,0,-5,-5,11,7,1,-7,5,15,2
0,-1,1,-1,1,-1,1,0,1,0,-7,2,-1,5,-9,8,0,4,-5,-5,12,7,-2,-3,9,15,2
0,-1,1,-1,1,0,1,1,-1,0,-7,2,-1,5,0,8,3,-4,-5,4,7,7,1,-2,1,15,2
0,-1,1,-1,1,0,1,-1,1,0,-7,2,-1,5,0,8,-3,4,-5,4,9,7,-5,6,9,15,2
0,-1,1,-1,1,0,1,0,0,0,-7,2,-1,5,0,8,0,0,-5,4,8,7,-2,2,5,15,2
0,-1,1,-1,-1,1,1,0,1,0,-7,2,-1,-5,9,8,0,4,-5,3,12,7,-12,15,-1,5,2
0,-1,1,-1,-1,1,0,1,1,0,-7,2,-1,-5,9,0,3,4,-5,3,7,-1,-9,15,-1,-3,2
0,-1,1,-1,-1,0,1,1,1,0,-7,2,-1,-5,0,8,3,4,-5,-6,15,7,-9,6,-1,5,2
0,-1,1,-1,0,1,1,-1,1,0,-7,2,-1,0,9,8,-3,4,-5,8,9,7,-10,15,4,10,2
0,-1,1,-1,0,1,-1,1,1,0,-7,2,-1,0,9,-8,3,4,-5,8,-1,-9,-4,15,4,-6,2
0,-1,1,-1,0,1,0,0,1,0,-7,2,-1,0,9,0,0,4,-5,8,4,-1,-7,15,4,2,2
0,-1,1,-1,0,-1,1,1,1,0,-7,2,-1,0,-9,8,3,4,-5,-10,15,7,-4,-3,4,10,2
0,-1,1,0,1,1,1,-1,-1,0,-7,2,0,5,9,8,-3,-4,-5,14,1,8,-5,7,1,15,2
0,-1,1,0,1,1,-1,-1,1,0,-7,2,0,5,9,-8,-3,4,-5,14,-7,-8,-5,15,9,-1,2
0,-1,1,0,1,-1,1,1,-1,0,-7,2,0,5,-9,8,3,-4,-5,-4,7,8,1,-11,1,15,2
0,-1,1,0,1,-1,1,-1,1,0,-7,2,0,5,-9,8,-3,4,-5,-4,9,8,-5,-3,9,15,2
0,-1,1,0,1,-1,1,0,0,0,-7,2,0,5,-9,8,0,0,-5,-4,8,8,-2,-7,5,15,2
0,-1,1,0,1,0,1,-1,0,0,-7,2,0,5,0,8,-3,0,-5,5,5,8,-5,2,5,15,2
0,-1,1,0,1,0,1,0,-1,0,-7,2,0,5,0,8,0,-4,-5,5,4,8,-2,-2,1,15,2
0,-1,1,0,-1,1,-1,1,1,0,-7,2,0,-5,9,-8,3,4,-5,4,-1,-8,-9,15,-1,-11,2
0,-1,1,0,-1,1,0,0,1,0,-7,2,0,-5,9,0,0,4,-5,4,4,0,-12,15,-1,-3,2
0,-1,1,0,-1,-1,1,1,1,0,-7,2,0,-5,-9,8,3,4,-5,-14,15,8,-9,-3,-1,5,2
0,-1,1,0,0,1,-1,0,1,0,-7,2,0,0,9,-8,0,4,-5,9,-4,-8,-7,15,4,-6,2
0,-1,1,0,0,1,0,-1,1,0,-7,2,0,0,9,0,-3,4,-5,9,1,0,-10,15,4,2,2
0,-1,-1,1,1,1,1,-1,0,0,-7,-2,1,5,9,8,-3,0,-9,15,5,9,-5,7,5,11,2
0,-1,-1,1,1,1,1,0,-1,0,-7,-2,1,5,9,8,0,-4,-9,15,4,9,-2,3,1,11,2
0,-1,-1,1,1,1,-1,1,0,0,-7,-2,1,5,9,-8,3,0,-9,15,-5,-7,1,7,5,-5,2
0,-1,-1,1,1,1,-1,0,1,0,-7,-2,1,5,9,-8,0,4,-9,15,-4,-7,-2,11,9,-5,2
0,-1,-1,1,1,1,0,1,-1,0,-7,-2,1,5,9,0,3,-4,-9,15,-1,1,1,3,1,3,2
0,-1,-1,1,1,1,0,-1,1,0,-7,-2,1,5,9,0,-3,4,-9,15,1,1,-5,11,9,3,2
0,-1,-1,1,1,1,0,0,0,0,-7,-2,1,5,9,0,0,0,-9,15,0,1,-2,7,5,3,2
0,-1,-1,1,-1,0,1,1,1,0,-7,-2,1,-5,0,8,3,4,-9,-4,15,9,-9,2,-1,1,2
0,-1,-1,1,0,-1,1,1,1,0,-7,-2,1,0,-9,8,3,4,-9,-8,15,9,-4,-7,4,6,2
0,-1,-1,-1,1,0,1,1,1,0,-7,-2,-1,5,0,8,3,4,-9,4,15,7,1,2,9,11,2
0,-1,-1,-1,0,1,1,1,1,0,-7,-2,-1,0,9,8,3,4,-9,8,15,7,-4,11,4,6,2
0,-1,-1,0,1,-1,1,1,1,0,-7,-2,0,5,-9,8,3,4,-9,-4,15,8,1,-7,9,11,2
0,-1,-1,0,-1,1,1,1,1,0,-7,-2,0,-5,9,8,3,4,-9,4,15,8,-9,11,-1,1,2
0,-1,-1,0,0,0,1,1,1,0,-7,-2,0,0,0,8,3,4,-9,0,15,8,-4,2,4,6,2
0,-1,0,1,1,1,1,-1,-1,0,-7,0,1,5,9,8,-3,-4,-7,15,1,9,-5,5,1,13,2
0,-1,0,1,1,1,-1,1,-1,0,-7,0,1,5,9,-8,3,-4,-7,15,-9,-7,1,5,1,-3,2
0,-1,0,1,1,1,-1,-1,1,0,-7,0,1,5,9,-8,-3,4,-7,15,-7,-7,-5,13,9,-3,2
0,-1,0,1,1,1,-1,0,0,0,-7,0,1,5,9,-8,0,0,-7,15,-8,-7,-2,9,5,-3,2
0,-1,0,1,1,1,0,-1,0,0,-7,0,1,5,9,0,-3,0,-7,15,-3,1,-5,9,5,5,2
0,-1,0,1,1,1,0,0,-1,0,-7,0,1,5,9,0,0,-4,-7,15,-4,1,-2,5,1,5,2
0,-1,0,1,-1,-1,1,1,1,0,-7,0,1,-5,-9,8,3,4,-7,-13,15,9,-9,-5,-1,3,2
0,-1,0,-1,1,-1,1,1,1,0,-7,0,-1,5,-9,8,3,4,-7,-5,15,7,1,-5,9,13,2
0,-1,0,-1,-1,1,1,1,1,0,-7,0,-1,-5,9,8,3,4,-7,3,15,7,-9,13,-1,3,2
0,-1,0,-1,0,0,1,1,1,0,-7,0,-1,0,0,8,3,4,-7,-1,15,7,-4,4,4,8,2
0,-1,0,0,-1,0,1,1,1,0,-7,0,0,-5,0,8,3,4,-7,-5,15,8,-9,4,-1,3,2
0,-1,0,0,0,-1,1,1,1,0,-7,0,0,0,-9,8,3,4,-7,-9,15,8,-4,-5,4,8,2
0,0,1,1,1,-1,1,-1,-1,0,0,2,1,5,-9,8,-3,-4,2,-3,1,9,2,-11,1,15,2
0,0,1,1,-1,1,-1,-1,1,0,0,2,1,-5,9,-8,-3,4,2,5,-7,-7,-8,15,-1,-11,2
0,0,1,-1,1,1,1,-1,-1,0,0,2,-1,5,9,8,-3,-4,2,13,1,7,2,7,1,15,2
0,0,1,-1,1,1,-1,-1,1,0,0,2,-1,5,9,-8,-3,4,2,13,-7,-9,2,15,9,-1,2
0,0,1,-1,1,-1,1,1,-1,0,0,2,-1,5,-9,8,3,-4,2,-5,7,7,8,-11,1,15,2
0,0,1,-1,1,-1,1,-1,1,0,0,2,-1,5,-9,8,-3,4,2,-5,9,7,2,-3,9,15,2
0,0,1,-1,1,-1,1,0,0,0,0,2,-1,5,-9,8,0,0,2,-5,8,7,5,-7,5,15,2
0,0,1,-1,1,0,1,-1,0,0,0,2,-1,5,0,8,-3,0,2,4,5,7,2,2,5,15,2
0,0,1,-1,1,0,1,0,-1,0,0,2,-1,5,0,8,0,-4,2,4,4,7,5,-2,1,15,2
0,0,1,-1,-1,1,1,-1,1,0,0,2,-1,-5,9,8,-3,4,2,3,9,7,-8,15,-1,5,2
0,0,1,-1,-1,1,-1,1,1,0,0,2,-1,-5,9,-8,3,4,2,3,-1,-9,-2,15,-1,-11,2
0,0,1,-1,-1,1,0,0,1,0,0,2,-1,-5,9,0,0,4,2,3,4,-1,-5,15,-1,-3,2
0,0,1,-1,0,1,-1,0,1,0,0,2,-1,0,9,-8,0,4,2,8,-4,-9,0,15,4,-6,2
0,0,1,-1,0,1,0,-1,1,0,0,2,-1,0,9,0,-3,4,2,8,1,-1,-3,15,4,2,2
0,0,1,0,1,-1,1,-1,0,0,0,2,0,5,-9,8,-3,0,2,-4,5,8,2,-7,5,15,2
0,0,1,0,1,-1,1,0,-1,0,0,2,0,5,-9,8,0,-4,2,-4,4,8,5,-11,1,15,2
0,0,1,0,1,0,1,-1,-1,0,0,2,0,5,0,8,-3,-4,2,5,1,8,2,-2,1,15,2
0,0,1,0,-1,1,-1,0,1,0,0,2,0,-5,9,-8,0,4,2,4,-4,-8,-5,15,-1,-11,2
0,0,1,0,-1,1,0,-1,1,0,0,2,0,-5,9,0,-3,4,2,4,1,0,-8,15,-1,-3,2
0,0,1,0,0,1,-1,-1,1,0,0,2,0,0,9,-8,-3,4,2,9,-7,-8,-3,15,4,-6,2
0,0,-1,1,1,1,1,-1,-1,0,0,-2,1,5,9,8,-3,-4,-2,15,1,9,2,3,1,11,2
0,0,-1,1,1,1,-1,1,-1,0,0,-2,1,5,9,-8,3,-4,-2,15,-9,-7,8,3,1,-5,2
0,0,-1,1,1,1,-1,-1,1,0,0,-2,1,5,9,-8,-3,4,-2,15,-7,-7,2,11,9,-5,2
0,0,-1,1,1,1,-1,0,0,0,0,-2,1,5,9,-8,0,0,-2,15,-8,-7,5,7,5,-5,2
0,0,-1,1,1,1,0,-1,0,0,0,-2,1,5,9,0,-3,0,-2,15,-3,1,2,7,5,3,2
0,0,-1,1,1,1,0,0,-1,0,0,-2,1,5,9,0,0,-4,-2,15,-4,1,5,3,1,3,2
0,0,-1,1,-1,-1,1,1,1,0,0,-2,1,-5,-9,8,3,4,-2,-13,15,9,-2,-7,-1,1,2
0,0,-1,-1,1,-1,1,1,1,0,0,-2,-1,5,-9,8,3,4,-2,-5,15,7,8,-7,9,11,2
0,0,-1,-1,-1,1,1,1,1,0,0,-2,-1,-5,9,8,3,4,-2,3,15,7,-2,11,-1,1,2
0,0,-1,-1,0,0,1,1,1,0,0,-2,-1,0,0,8,3,4,-2,-1,15,7,3,2,4,6,2
0,0,-1,0,-1,0,1,1,1,0,0,-2,0,-5,0,8,3,4,-2,-5,15,8,-2,2,-1,1,2
0,0,-1,0,0,-1,1,1,1,0,0,-2,0,0,-9,8,3,4,-2,-9,15,8,3,-7,4,6,2
0,0,0,1,1,1,-1,-1,0,0,0,0,1,5,9,-8,-3,0,0,15,-11,-7,2,9,5,-3,2
0,0,0,1,1,1,-1,0,-1,0,0,0,1,5,9,-8,0,-4,0,15,-12,-7,5,5,1,-3,2
0,0,0,1,1,1,0,-1,-1,0,0,0,1,5,9,0,-3,-4,0,15,-7,1,2,5,1,5,2
0,0,0,-1,-1,0,1,1,1,0,0,0,-1,-5,0,8,3,4,0,-6,15,7,-2,4,-1,3,2
0,0,0,-1,0,-1,1,1,1,0,0,0,-1,0,-9,8,3,4,0,-10,15,7,3,-5,4,8,2
0,0,0,0,-1,-1,1,1,1,0,0,0,0,-5,-9,8,3,4,0,-14,15,8,-2,-5,-1,3,2
1,1,-1,1,1,-1,-1,0,-1,6,7,-2,1,5,-9,-8,0,-4,11,-3,-12,-1,12,-15,7,-5,1
1,1,-1,1,1,-1,0,-1,-1,6,7,-2,1,5,-9,0,-3,-4,11,-3,-7,7,9,-15,7,3,1
1,1,-1,1,1,0,-1,-1,-1,6,7,-2,1,5,0,-8,-3,-4,11,6,-15,-1,9,-6,7,-5,1
1,1,-1,1,-1,1,-1,-1,0,6,7,-2,1,-5,9,-8,-3,0,11,5,-11,-1,-1,7,1,-15,1
1,1,-1,1,-1,1,-1,0,-1,6,7,-2,1,-5,9,-8,0,-4,11,5,-12,-1,2,3,-3,-15,1
1,1,-1,1,-1,-1,-1,1,0,6,7,-2,1,-5,-9,-8,3,0,11,-13,-5,-1,5,-11,1,-15,1
1,1,-1,1,-1,-1,-1,0,1,6,7,-2,1,-5,-9,-8,0,4,11,-13,-4,-1,2,-7,5,-15,1
1,1,-1,1,-1,-1,0,1,-1,6,7,-2,1,-5,-9,0,3,-4,11,-13,-1,7,5,-15,-3,-7,1
1,1,-1,1,-1,0,-1,1,-1,6,7,-2,1,-5,0,-8,3,-4,11,-4,-9,-1,5,-6,-3,-15,1
1,1,-1,1,-1,0,-1,-1,1,6,7,-2,1,-5,0,-8,-3,4,11,-4,-7,-1,-1,2,5,-15,1
1,1,-1,1,-1,0,-1,0,0,6,7,-2,1,-5,0,-8,0,0,11,-4,-8,-1,2,-2,1,-15,1
1,1,-1,1,0,1,-1,-1,-1,6,7,-2,1,0,9,-8,-3,-4,11,10,-15,-1,4,3,2,-10,1
1,1,-1,1,0,-1,-1,1,-1,6,7,-2,1,0,-9,-8,3,-4,11,-8,-9,-1,10,-15,2,-10,1
1,1,-1,1,0,-1,0,0,-1,6,7,-2,1,0,-9,0,0,-4,11,-8,-4,7,7,-15,2,-2,1
1,1,-1,-1,1,-1,1,0,-1,6,7,-2,-1,5,-9,8,0,-4,11,-5,4,13,12,-15,7,11,1
1,1,-1,-1,-1,1,-1,1,0,6,7,-2,-1,-5,9,-8,3,0,11,3,-5,-3,5,7,1,-15,1
1,1,-1,-1,-1,1,-1,0,1,6,7,-2,-1,-5,9,-8,0,4,11,3,-4,-3,2,11,5,-15,1
1,1,-1,-1,-1,-1,1,1,0,6,7,-2,-1,-5,-9,8,3,0,11,-15,11,13,5,-11,1,1,1
1,1,-1,-1,-1,-1,1,0,1,6,7,-2,-1,-5,-9,8,0,4,11,-15,12,13,2,-7,5,1,1
1,1,-1,-1,-1,-1,0,1,1,6,7,-2,-1,-5,-9,0,3,4,11,-15,7,5,5,-7,5,-7,1
1,1,-1,-1,-1,0,-1,1,1,6,7,-2,-1,-5,0,-8,3,4,11,-6,-1,-3,5,2,5,-15,1
1,1,-1,-1,0,-1,1,1,-1,6,7,-2,-1,0,-9,8,3,-4,11,-10,7,13,10,-15,2,6,1
1,1,-1,0,1,1,-1,-1,-1,6,7,-2,0,5,9,-8,-3,-4,11,14,-15,-2,9,3,7,-5,1
1,1,-1,0,1,-1,1,-1,-1,6,7,-2,0,5,-9,8,-3,-4,11,-4,1,14,9,-15,7,11,1
1,1,-1,0,1,-1,0,0,-1,6,7,-2,0,5,-9,0,0,-4,11,-4,-4,6,12,-15,7,3,1
1,1,-1,0,-1,1,-1,1,-1,6,7,-2,0,-5,9,-8,3,-4,11,4,-9,-2,5,3,-3,-15,1
1,1,-1,0,-1,1,-1,-1,1,6,7,-2,0,-5,9,-8,-3,4,11,4,-7,-2,-1,11,5,-15,1
1,1,-1,0,-1,1,-1,0,0,6,7,-2,0,-5,9,-8,0,0,11,4,-8,-2,2,7,1,-15,1
1,1,-1,0,-1,-1,1,1,-1,6,7,-2,0,-5,-9,8,3,-4,11,-14,7,14,5,-15,-3,1,1
1,1,-1,0,-1,-1,-1,1,1,6,7,-2,0,-5,-9,-8,3,4,11,-14,-1,-2,5,-7,5,-15,1
1,1,-1,0,-1,0,-1,1,0,6,7,-2,0,-5,0,-8,3,0,11,-5,-5,-2,5,-2,1,-15,1
1,1,-1,0,-1,0,-1,0,1,6,7,-2,0,-5,0,-8,0,4,11,-5,-4,-2,2,2,5,-15,1
1,1,-1,0,0,-1,1,0,-1,6,7,-2,0,0,-9,8,0,-4,11,-9,4,14,7,-15,2,6,1
1,1,-1,0,0,-1,0,1,-1,6,7,-2,0,0,-9,0,3,-4,11,-9,-1,6,10,-15,2,-2,1
1,1,0,1,1,-1,-1,-1,-1,6,7,0,1,5,-9,-8,-3,-4,13,-3,-15,-1,9,-13,7,-3,1
1,1,0,1,-1,1,-1,-1,-1,6,7,0,1,-5,9,-8,-3,-4,13,5,-15,-1,-1,5,-3,-13,1
1,1,0,1,0,0,-1,-1,-1,6,7,0,1,0,0,-8,-3,-4,13,1,-15,-1,4,-4,2,-8,1
1,1,0,-1,1,1,-1,-1,-1,6,7,0,-1,5,9,-8,-3,-4,13,13,-15,-3,9,5,7,-3,1
1,1,0,-1,-1,-1,1,1,-1,6,7,0,-1,-5,-9,8,3,-4,13,-15,7,13,5,-13,-3,3,1
1,1,0,-1,-1,-1,1,-1,1,6,7,0,-1,-5,-9,8,-3,4,13,-15,9,13,-1,-5,5,3,1
1,1,0,-1,-1,-1,1,0,0,6,7,0,-1,-5,-9,8,0,0,13,-15,8,13,2,-9,1,3,1
1,1,0,-1,-1,-1,-1,1,1,6,7,0,-1,-5,-9,-8,3,4,13,-15,-1,-3,5,-5,5,-13,1
1,1,0,-1,-1,-1,0,1,0,6,7,0,-1,-5,-9,0,3,0,13,-15,3,5,5,-9,1,-5,1
1,1,0,-1,-1,-1,0,0,1,6,7,0,-1,-5,-9,0,0,4,13,-15,4,5,2,-5,5,-5,1
1,1,0,0,1,0,-1,-1,-1,6,7,0,0,5,0,-8,-3,-4,13,5,-15,-2,9,-4,7,-3,1
1,1,0,0,0,1,-1,-1,-1,6,7,0,0,0,9,-8,-3,-4,13,9,-15,-2,4,5,2,-8,1
1,-1,1,1,1,0,-1,-1,-1,6,-7,2,1,5,0,-8,-3,-4,1,6,-15,-1,-5,-2,7,-1,1
1,-1,1,1,-1,1,-1,-1,0,6,-7,2,1,-5,9,-8,-3,0,1,5,-11,-1,-15,11,1,-11,1
1,-1,1,1,-1,1,0,-1,-1,6,-7,2,1,-5,9,0,-3,-4,1,5,-7,7,-15,7,-3,-3,1
1,-1,1,1,-1,-1,0,-1,1,6,-7,2,1,-5,-9,0,-3,4,1,-13,1,7,-15,-3,5,-3,1
1,-1,1,1,-1,0,-1,-1,1,6,-7,2,1,-5,0,-8,-3,4,1,-4,-7,-1,-15,6,5,-11,1
1,-1,1,1,-1,0,0,-1,0,6,-7,2,1,-5,0,0,-3,0,1,-4,-3,7,-15,2,1,-3,1
1,-1,1,1,0,1,-1,-1,-1,6,-7,2,1,0,9,-8,-3,-4,1,10,-15,-1,-10,7,2,-6,1
1,-1,1,-1,-1,1,1,-1,0,6,-7,2,-1,-5,9,8,-3,0,1,3,5,13,-15,11,1,5,1
1,-1,1,-1,-1,-1,1,1,0,6,-7,2,-1,-5,-9,8,3,0,1,-15,11,13,-9,-7,1,5,1
1,-1,1,-1,-1,-1,1,0,1,6,-7,2,-1,-5,-9,8,0,4,1,-15,12,13,-12,-3,5,5,1
1,-1,1,-1,-1,-1,0,1,1,6,-7,2,-1,-5,-9,0,3,4,1,-15,7,5,-9,-3,5,-3,1
1,-1,1,-1,-1,0,1,-1,1,6,-7,2,-1,-5,0,8,-3,4,1,-6,9,13,-15,6,5,5,1
1,-1,1,0,1,1,-1,-1,-1,6,-7,2,0,5,9,-8,-3,-4,1,14,-15,-2,-5,7,7,-1,1
1,-1,1,0,-1,1,1,-1,-1,6,-7,2,0,-5,9,8,-3,-4,1,4,1,14,-15,7,-3,5,1
1,-1,1,0,-1,1,0,-1,0,6,-7,2,0,-5,9,0,-3,0,1,4,-3,6,-15,11,1,-3,1
1,-1,1,0,-1,-1,1,-1,1,6,-7,2,0,-5,-9,8,-3,4,1,-14,9,14,-15,-3,5,5,1
1,-1,1,0,-1,0,1,-1,0,6,-7,2,0,-5,0,8,-3,0,1,-5,5,14,-15,2,1,5,1
1,-1,1,0,-1,0,0,-1,1,6,-7,2,0,-5,0,0,-3,4,1,-5,1,6,-15,6,5,-3,1
1,-1,-1,1,1,-1,0,1,-1,6,-7,-2,1,5,-9,0,3,-4,-3,-3,-1,7,1,-15,7,3,1
1,-1,-1,1,-1,1,-1,1,0,6,-7,-2,1,-5,9,-8,3,0,-3,5,-5,-1,-9,7,1,-15,1
1,-1,-1,1,-1,1,-1,0,1,6,-7,-2,1,-5,9,-8,0,4,-3,5,-4,-1,-12,11,5,-15,1
1,-1,-1,1,-1,1,0,-1,1,6,-7,-2,1,-5,9,0,-3,4,-3,5,1,7,-15,11,5,-7,1
1,-1,-1,1,-1,0,-1,1,1,6,-7,-2,1,-5,0,-8,3,4,-3,-4,-1,-1,-9,2,5,-15,1
1,-1,-1,0,1,-1,1,1,-1,6,-7,-2,0,5,-9,8,3,-4,-3,-4,7,14,1,-15,7,11,1
1,-1,-1,0,-1,1,1,-1,1,6,-7,-2,0,-5,9,8,-3,4,-3,4,9,14,-15,11,5,1,1
1,-1,-1,0,-1,1,-1,1,1,6,-7,-2,0,-5,9,-8,3,4,-3,4,-1,-2,-9,11,5,-15,1
1,-1,0,1,-1,1,-1,-1,1,6,-7,0,1,-5,9,-8,-3,4,-1,5,-7,-1,-15,13,5,-13,1
1,-1,0,1,-1,1,0,-1,0,6,-7,0,1,-5,9,0,-3,0,-1,5,-3,7,-15,9,1,-5,1
1,-1,0,1,-1,0,0,-1,1,6,-7,0,1,-5,0,0,-3,4,-1,-4,1,7,-15,4,5,-5,1
1,-1,0,-1,-1,1,1,-1,1,6,-7,0,-1,-5,9,8,-3,4,-1,3,9,13,-15,13,5,3,1
1,-1,0,0,-1,1,1,-1,0,6,-7,0,0,-5,9,8,-3,0,-1,4,5,14,-15,9,1,3,1
1,-1,0,0,-1,1,0,-1,1,6,-7,0,0,-5,9,0,-3,4,-1,4,1,6,-15,13,5,-5,1
1,-1,0,0,-1,0,1,-1,1,6,-7,0,0,-5,0,8,-3,4,-1,-5,9,14,-15,4,5,3,1
1,0,1,1,1,-1,-1,-1,-1,6,0,2,1,5,-9,-8,-3,-4,8,-3,-15,-1,2,-11,7,-1,1
1,0,1,1,-1,1,-1,-1,-1,6,0,2,1,-5,9,-8,-3,-4,8,5,-15,-1,-8,7,-3,-11,1
1,0,1,1,0,0,-1,-1,-1,6,0,2,1,0,0,-8,-3,-4,8,1,-15,-1,-3,-2,2,-6,1
1,0,1,-1,1,1,-1,-1,-1,6,0,2,-1,5,9,-8,-3,-4,8,13,-15,-3,2,7,7,-1,1
1,0,1,-1,-1,-1,1,1,-1,6,0,2,-1,-5,-9,8,3,-4,8,-15,7,13,-2,-11,-3,5,1
1,0,1,-1,-1,-1,1,-1,1,6,0,2,-1,-5,-9,8,-3,4,8,-15,9,13,-8,-3,5,5,1
1,0,1,-1,-1,-1,1,0,0,6,0,2,-1,-5,-9,8,0,0,8,-15,8,13,-5,-7,1,5,1
1,0,1,-1,-1,-1,-1,1,1,6,0,2,-1,-5,-9,-8,3,4,8,-15,-1,-3,-2,-3,5,-11,1
1,0,1,-1,-1,-1,0,1,0,6,0,2,-1,-5,-9,0,3,0,8,-15,3,5,-2,-7,1,-3,1
1,0,1,-1,-1,-1,0,0,1,6,0,2,-1,-5,-9,0,0,4,8,-15,4,5,-5,-3,5,-3,1
1,0,1,0,1,0,-1,-1,-1,6,0,2,0,5,0,-8,-3,-4,8,5,-15,-2,2,-2,7,-1,1
1,0,1,0,0,1,-1,-1,-1,6,0,2,0,0,9,-8,-3,-4,8,9,-15,-2,-3,7,2,-6,1
1,0,-1,1,1,-1,-1,1,-1,6,0,-2,1,5,-9,-8,3,-4,4,-3,-9,-1,8,-15,7,-5,1
1,0,-1,1,1,-1,0,0,-1,6,0,-2,1,5,-9,0,0,-4,4,-3,-4,7,5,-15,7,3,1
1,0,-1,1,-1,1,-1,1,-1,6,0,-2,1,-5,9,-8,3,-4,4,5,-9,-1,-2,3,-3,-15,1
1,0,-1,1,-1,1,-1,-1,1,6,0,-2,1,-5,9,-8,-3,4,4,5,-7,-1,-8,11,5,-15,1
1,0,-1,1,-1,1,-1,0,0,6,0,-2,1,-5,9,-8,0,0,4,5,-8,-1,-5,7,1,-15,1
1,0,-1,1,-1,-1,-1,1,1,6,0,-2,1,-5,-9,-8,3,4,4,-13,-1,-1,-2,-7,5,-15,1
1,0,-1,1,-1,0,-1,1,0,6,0,-2,1,-5,0,-8,3,0,4,-4,-5,-1,-2,-2,1,-15,1
1,0,-1,1,-1,0,-1,0,1,6,0,-2,1,-5,0,-8,0,4,4,-4,-4,-1,-5,2,5,-15,1
1,0,-1,1,0,-1,0,1,-1,6,0,-2,1,0,-9,0,3,-4,4,-8,-1,7,3,-15,2,-2,1
1,0,-1,-1,1,-1,1,1,-1,6,0,-2,-1,5,-9,8,3,-4,4,-5,7,13,8,-15,7,11,1
1,0,-1,-1,-1,1,-1,1,1,6,0,-2,-1,-5,9,-8,3,4,4,3,-1,-3,-2,11,5,-15,1
1,0,-1,0,1,-1,1,0,-1,6,0,-2,0,5,-9,8,0,-4,4,-4,4,14,5,-15,7,11,1
1,0,-1,0,1,-1,0,1,-1,6,0,-2,0,5,-9,0,3,-4,4,-4,-1,6,8,-15,7,3,1
1,0,-1,0,-1,1,-1,1,0,6,0,-2,0,-5,9,-8,3,0,4,4,-5,-2,-2,7,1,-15,1
1,0,-1,0,-1,1,-1,0,1,6,0,-2,0,-5,9,-8,0,4,4,4,-4,-2,-5,11,5,-15,1
1,0,-1,0,-1,0,-1,1,1,6,0,-2,0,-5,0,-8,3,4,4,-5,-1,-2,-2,2,5,-15,1
1,0,-1,0,0,-1,1,1,-1,6,0,-2,0,0,-9,8,3,-4,4,-9,7,14,3,-15,2,6,1
1,0,0,1,1,0,-1,-1,-1,6,0,0,1,5,0,-8,-3,-4,6,6,-15,-1,2,-4,7,-3,1
1,0,0,1,0,1,-1,-1,-1,6,0,0,1,0,9,-8,-3,-4,6,10,-15,-1,-3,5,2,-8,1
1,0,0,-1,-1,-1,1,1,0,6,0,0,-1,-5,-9,8,3,0,6,-15,11,13,-2,-9,1,3,1
1,0,0,-1,-1,-1,1,0,1,6,0,0,-1,-5,-9,8,0,4,6,-15,12,13,-5,-5,5,3,1
1,0,0,-1,-1,-1,0,1,1,6,0,0,-1,-5,-9,0,3,4,6,-15,7,5,-2,-5,5,-5,1
1,0,0,0,1,1,-1,-1,-1,6,0,0,0,5,9,-8,-3,-4,6,14,-15,-2,2,5,7,-3,1
-1,1,1,1,1,0,-1,-1,-1,-6,7,2,1,5,0,-8,-3,-4,3,6,-15,-13,9,-2,-5,-1,1
-1,1,1,1,-1,1,-1,0,-1,-6,7,2,1,-5,9,-8,0,-4,3,5,-12,-13,2,7,-15,-11,1
-1,1,1,1,-1,1,0,-1,-1,-6,7,2,1,-5,9,0,-3,-4,3,5,-7,-5,-1,7,-15,-3,1
-1,1,1,1,-1,-1,1,0,-1,-6,7,2,1,-5,-9,8,0,-4,3,-13,4,3,2,-11,-15,5,1
-1,1,1,1,-1,-1,0,1,-1,-6,7,2,1,-5,-9,0,3,-4,3,-13,-1,-5,5,-11,-15,-3,1
-1,1,1,1,-1,0,1,-1,-1,-6,7,2,1,-5,0,8,-3,-4,3,-4,1,3,-1,-2,-15,5,1
-1,1,1,1,-1,0,-1,1,-1,-6,7,2,1,-5,0,-8,3,-4,3,-4,-9,-13,5,-2,-15,-11,1
-1,1,1,1,-1,0,0,0,-1,-6,7,2,1,-5,0,0,0,-4,3,-4,-4,-5,2,-2,-15,-3,1
-1,1,1,1,0,1,-1,-1,-1,-6,7,2,1,0,9,-8,-3,-4,3,10,-15,-13,4,7,-10,-6,1
-1,1,1,-1,1,1,-1,-1,0,-6,7,2,-1,5,9,-8,-3,0,3,13,-11,-15,9,11,-1,-1,1
-1,1,1,-1,1,1,-1,0,-1,-6,7,2,-1,5,9,-8,0,-4,3,13,-12,-15,12,7,-5,-1,1
-1,1,1,-1,1,-1,-1,0,1,-6,7,2,-1,5,-9,-8,0,4,3,-5,-4,-15,12,-3,3,-1,1
-1,1,1,-1,1,0,-1,-1,1,-6,7,2,-1,5,0,-8,-3,4,3,4,-7,-15,9,6,3,-1,1
-1,1,1,-1,1,0,-1,0,0,-6,7,2,-1,5,0,-8,0,0,3,4,-8,-15,12,2,-1,-1,1
-1,1,1,-1,-1,1,1,0,-1,-6,7,2,-1,-5,9,8,0,-4,3,3,4,1,2,7,-15,5,1
-1,1,1,-1,-1,1,-1,1,0,-6,7,2,-1,-5,9,-8,3,0,3,3,-5,-15,5,11,-11,-11,1
-1,1,1,-1,-1,1,0,1,-1,-6,7,2,-1,-5,9,0,3,-4,3,3,-1,-7,5,7,-15,-3,1
-1,1,1,-1,-1,-1,1,1,0,-6,7,2,-1,-5,-9,8,3,0,3,-15,11,1,5,-7,-11,5,1
-1,1,1,-1,-1,-1,1,0,1,-6,7,2,-1,-5,-9,8,0,4,3,-15,12,1,2,-3,-7,5,1
-1,1,1,-1,-1,-1,0,1,1,-6,7,2,-1,-5,-9,0,3,4,3,-15,7,-7,5,-3,-7,-3,1
-1,1,1,-1,-1,0,1,1,-1,-6,7,2,-1,-5,0,8,3,-4,3,-6,7,1,5,-2,-15,5,1
-1,1,1,-1,-1,0,-1,1,1,-6,7,2,-1,-5,0,-8,3,4,3,-6,-1,-15,5,6,-7,-11,1
-1,1,1,-1,0,1,-1,1,-1,-6,7,2,-1,0,9,-8,3,-4,3,8,-9,-15,10,7,-10,-6,1
-1,1,1,-1,0,1,-1,0,0,-6,7,2,-1,0,9,-8,0,0,3,8,-8,-15,7,11,-6,-6,1
-1,1,1,-1,0,-1,-1,1,1,-6,7,2,-1,0,-9,-8,3,4,3,-10,-1,-15,10,-3,-2,-6,1
-1,1,1,-1,0,0,-1,1,0,-6,7,2,-1,0,0,-8,3,0,3,-1,-5,-15,10,2,-6,-6,1
-1,1,1,-1,0,0,-1,0,1,-6,7,2,-1,0,0,-8,0,4,3,-1,-4,-15,7,6,-2,-6,1
-1,1,1,0,1,1,-1,-1,-1,-6,7,2,0,5,9,-8,-3,-4,3,14,-15,-14,9,7,-5,-1,1
-1,1,1,0,-1,1,1,-1,-1,-6,7,2,0,-5,9,8,-3,-4,3,4,1,2,-1,7,-15,5,1
-1,1,1,0,-1,1,-1,1,-1,-6,7,2,0,-5,9,-8,3,-4,3,4,-9,-14,5,7,-15,-11,1
-1,1,1,0,-1,1,0,0,-1,-6,7,2,0,-5,9,0,0,-4,3,4,-4,-6,2,7,-15,-3,1
-1,1,1,0,-1,-1,1,1,-1,-6,7,2,0,-5,-9,8,3,-4,3,-14,7,2,5,-11,-15,5,1
-1,1,1,0,-1,0,1,0,-1,-6,7,2,0,-5,0,8,0,-4,3,-5,4,2,2,-2,-15,5,1
-1,1,1,0,-1,0,0,1,-1,-6,7,2,0,-5,0,0,3,-4,3,-5,-1,-6,5,-2,-15,-3,1
-1,1,-1,1,1,-1,1,0,-1,-6,7,-2,1,5,-9,8,0,-4,-1,-3,4,3,12,-15,-5,11,1
-1,1,-1,1,-1,1,1,0,-1,-6,7,-2,1,-5,9,8,0,-4,-1,5,4,3,2,3,-15,1,1
-1,1,-1,1,-1,1,-1,1,0,-6,7,-2,1,-5,9,-8,3,0,-1,5,-5,-13,5,7,-11,-15,1
-1,1,-1,1,-1,1,-1,0,1,-6,7,-2,1,-5,9,-8,0,4,-1,5,-4,-13,2,11,-7,-15,1
-1,1,-1,1,-1,1,0,1,-1,-6,7,-2,1,-5,9,0,3,-4,-1,5,-1,-5,5,3,-15,-7,1
-1,1,-1,1,-1,0,1,1,-1,-6,7,-2,1,-5,0,8,3,-4,-1,-4,7,3,5,-6,-15,1,1
-1,1,-1,1,-1,0,-1,1,1,-6,7,-2,1,-5,0,-8,3,4,-1,-4,-1,-13,5,2,-7,-15,1
-1,1,-1,1,0,-1,1,1,-1,-6,7,-2,1,0,-9,8,3,-4,-1,-8,7,3,10,-15,-10,6,1
-1,1,-1,-1,1,1,-1,0,1,-6,7,-2,-1,5,9,-8,0,4,-1,13,-4,-15,12,11,3,-5,1
-1,1,-1,-1,0,1,-1,1,1,-6,7,-2,-1,0,9,-8,3,4,-1,8,-1,-15,10,11,-2,-10,1
-1,1,-1,0,-1,1,1,1,-1,-6,7,-2,0,-5,9,8,3,-4,-1,4,7,2,5,3,-15,1,1
-1,1,-1,0,-1,1,-1,1,1,-6,7,-2,0,-5,9,-8,3,4,-1,4,-1,-14,5,11,-7,-15,1
-1,1,0,1,-1,1,1,-1,-1,-6,7,0,1,-5,9,8,-3,-4,1,5,1,3,-1,5,-15,3,1
-1,1,0,1,-1,1,-1,1,-1,-6,7,0,1,-5,9,-8,3,-4,1,5,-9,-13,5,5,-15,-13,1
-1,1,0,1,-1,1,0,0,-1,-6,7,0,1,-5,9,0,0,-4,1,5,-4,-5,2,5,-15,-5,1
-1,1,0,1,-1,-1,1,1,-1,-6,7,0,1,-5,-9,8,3,-4,1,-13,7,3,5,-13,-15,3,1
-1,1,0,1,-1,0,1,0,-1,-6,7,0,1,-5,0,8,0,-4,1,-4,4,3,2,-4,-15,3,1
-1,1,0,1,-1,0,0,1,-1,-6,7,0,1,-5,0,0,3,-4,1,-4,-1,-5,5,-4,-15,-5,1
-1,1,0,-1,1,1,-1,-1,1,-6,7,0,-1,5,9,-8,-3,4,1,13,-7,-15,9,13,3,-3,1
-1,1,0,-1,1,1,-1,0,0,-6,7,0,-1,5,9,-8,0,0,1,13,-8,-15,12,9,-1,-3,1
-1,1,0,-1,1,0,-1,0,1,-6,7,0,-1,5,0,-8,0,4,1,4,-4,-15,12,4,3,-3,1
-1,1,0,-1,-1,1,1,1,-1,-6,7,0,-1,-5,9,8,3,-4,1,3,7,1,5,5,-15,3,1
-1,1,0,-1,-1,1,-1,1,1,-6,7,0,-1,-5,9,-8,3,4,1,3,-1,-15,5,13,-7,-13,1
-1,1,0,-1,0,1,-1,1,0,-6,7,0,-1,0,9,-8,3,0,1,8,-5,-15,10,9,-6,-8,1
-1,1,0,-1,0,1,-1,0,1,-6,7,0,-1,0,9,-8,0,4,1,8,-4,-15,7,13,-2,-8,1
-1,1,0,-1,0,0,-1,1,1,-6,7,0,-1,0,0,-8,3,4,1,-1,-1,-15,10,4,-2,-8,1
-1,1,0,0,-1,1,1,0,-1,-6,7,0,0,-5,9,8,0,-4,1,4,4,2,2,5,-15,3,1
-1,1,0,0,-1,1,0,1,-1,-6,7,0,0,-5,9,0,3,-4,1,4,-1,-6,5,5,-15,-5,1
-1,1,0,0,-1,0,1,1,-1,-6,7,0,0,-5,0,8,3,-4,1,-5,7,2,5,-4,-15,3,1
-1,-1,1,1,-1,1,1,-1,0,-6,-7,2,1,-5,9,8,-3,0,-11,5,5,3,-15,11,-11,5,1
-1,-1,1,1,-1,1,1,0,-1,-6,-7,2,1,-5,9,8,0,-4,-11,5,4,3,-12,7,-15,5,1
-1,-1,1,1,-1,1,0,1,-1,-6,-7,2,1,-5,9,0,3,-4,-11,5,-1,-5,-9,7,-15,-3,1
-1,-1,1,1,-1,0,1,1,-1,-6,-7,2,1,-5,0,8,3,-4,-11,-4,7,3,-9,-2,-15,5,1
-1,-1,1,1,-1,0,1,-1,1,-6,-7,2,1,-5,0,8,-3,4,-11,-4,9,3,-15,6,-7,5,1
-1,-1,1,-1,1,1,-1,1,0,-6,-7,2,-1,5,9,-8,3,0,-11,13,-5,-15,1,11,-1,-1,1
-1,-1,1,-1,1,0,-1,1,1,-6,-7,2,-1,5,0,-8,3,4,-11,4,-1,-15,1,6,3,-1,1
-1,-1,1,0,-1,1,1,1,-1,-6,-7,2,0,-5,9,8,3,-4,-11,4,7,2,-9,7,-15,5,1
-1,-1,-1,1,1,-1,1,1,0,-6,-7,-2,1,5,-9,8,3,0,-15,-3,11,3,1,-11,-1,11,1
-1,-1,-1,1,1,-1,1,0,1,-6,-7,-2,1,5,-9,8,0,4,-15,-3,12,3,-2,-7,3,11,1
-1,-1,-1,1,1,-1,0,1,1,-6,-7,-2,1,5,-9,0,3,4,-15,-3,7,-5,1,-7,3,3,1
-1,-1,-1,1,1,0,1,1,-1,-6,-7,-2,1,5,0,8,3,-4,-15,6,7,3,1,-6,-5,11,1
-1,-1,-1,1,1,0,1,-1,1,-6,-7,-2,1,5,0,8,-3,4,-15,6,9,3,-5,2,3,11,1
-1,-1,-1,1,1,0,1,0,0,-6,-7,-2,1,5,0,8,0,0,-15,6,8,3,-2,-2,-1,11,1
-1,-1,-1,1,1,0,-1,1,1,-6,-7,-2,1,5,0,-8,3,4,-15,6,-1,-13,1,2,3,-5,1
-1,-1,-1,1,1,0,0,1,0,-6,-7,-2,1,5,0,0,3,0,-15,6,3,-5,1,-2,-1,3,1
-1,-1,-1,1,1,0,0,0,1,-6,-7,-2,1,5,0,0,0,4,-15,6,4,-5,-2,2,3,3,1
-1,-1,-1,1,-1,1,1,1,0,-6,-7,-2,1,-5,9,8,3,0,-15,5,11,3,-9,7,-11,1,1
-1,-1,-1,1,-1,1,1,0,1,-6,-7,-2,1,-5,9,8,0,4,-15,5,12,3,-12,11,-7,1,1
-1,-1,-1,1,-1,1,0,1,1,-6,-7,-2,1,-5,9,0,3,4,-15,5,7,-5,-9,11,-7,-7,1
-1,-1,-1,1,0,1,1,1,-1,-6,-7,-2,1,0,9,8,3,-4,-15,10,7,3,-4,3,-10,6,1
-1,-1,-1,1,0,1,1,-1,1,-6,-7,-2,1,0,9,8,-3,4,-15,10,9,3,-10,11,-2,6,1
-1,-1,-1,1,0,1,1,0,0,-6,-7,-2,1,0,9,8,0,0,-15,10,8,3,-7,7,-6,6,1
-1,-1,-1,1,0,1,-1,1,1,-6,-7,-2,1,0,9,-8,3,4,-15,10,-1,-13,-4,11,-2,-10,1
-1,-1,-1,1,0,1,0,1,0,-6,-7,-2,1,0,9,0,3,0,-15,10,3,-5,-4,7,-6,-2,1
-1,-1,-1,1,0,1,0,0,1,-6,-7,-2,1,0,9,0,0,4,-15,10,4,-5,-7,11,-2,-2,1
-1,-1,-1,1,0,0,1,1,0,-6,-7,-2,1,0,0,8,3,0,-15,1,11,3,-4,-2,-6,6,1
-1,-1,-1,1,0,0,1,0,1,-6,-7,-2,1,0,0,8,0,4,-15,1,12,3,-7,2,-2,6,1
-1,-1,-1,1,0,0,0,1,1,-6,-7,-2,1,0,0,0,3,4,-15,1,7,-5,-4,2,-2,-2,1
-1,-1,-1,-1,1,1,1,1,0,-6,-7,-2,-1,5,9,8,3,0,-15,13,11,1,1,7,-1,11,1
-1,-1,-1,-1,1,1,1,0,1,-6,-7,-2,-1,5,9,8,0,4,-15,13,12,1,-2,11,3,11,1
-1,-1,-1,-1,1,1,0,1,1,-6,-7,-2,-1,5,9,0,3,4,-15,13,7,-7,1,11,3,3,1
-1,-1,-1,0,1,1,1,1,-1,-6,-7,-2,0,5,9,8,3,-4,-15,14,7,2,1,3,-5,11,1
-1,-1,-1,0,1,1,1,-1,1,-6,-7,-2,0,5,9,8,-3,4,-15,14,9,2,-5,11,3,11,1
-1,-1,-1,0,1,1,1,0,0,-6,-7,-2,0,5,9,8,0,0,-15,14,8,2,-2,7,-1,11,1
-1,-1,-1,0,1,1,-1,1,1,-6,-7,-2,0,5,9,-8,3,4,-15,14,-1,-14,1,11,3,-5,1
-1,-1,-1,0,1,1,0,1,0,-6,-7,-2,0,5,9,0,3,0,-15,14,3,-6,1,7,-1,3,1
-1,-1,-1,0,1,1,0,0,1,-6,-7,-2,0,5,9,0,0,4,-15,14,4,-6,-2,11,3,3,1
-1,-1,-1,0,1,0,1,1,0,-6,-7,-2,0,5,0,8,3,0,-15,5,11,2,1,-2,-1,11,1
-1,-1,-1,0,1,0,1,0,1,-6,-7,-2,0,5,0,8,0,4,-15,5,12,2,-2,2,3,11,1
-1,-1,-1,0,1,0,0,1,1,-6,-7,-2,0,5,0,0,3,4,-15,5,7,-6,1,2,3,3,1
-1,-1,-1,0,0,1,1,1,0,-6,-7,-2,0,0,9,8,3,0,-15,9,11,2,-4,7,-6,6,1
-1,-1,-1,0,0,1,1,0,1,-6,-7,-2,0,0,9,8,0,4,-15,9,12,2,-7,11,-2,6,1
-1,-1,-1,0,0,1,0,1,1,-6,-7,-2,0,0,9,0,3,4,-15,9,7,-6,-4,11,-2,-2,1
-1,-1,0,1,-1,1,1,1,-1,-6,-7,0,1,-5,9,8,3,-4,-13,5,7,3,-9,5,-15,3,1
-1,-1,0,1,-1,1,1,-1,1,-6,-7,0,1,-5,9,8,-3,4,-13,5,9,3,-15,13,-7,3,1
-1,-1,0,-1,1,1,-1,1,1,-6,-7,0,-1,5,9,-8,3,4,-13,13,-1,-15,1,13,3,-3,1
-1,0,1,1,-1,1,1,-1,-1,-6,0,2,1,-5,9,8,-3,-4,-4,5,1,3,-8,7,-15,5,1
-1,0,1,1,-1,1,-1,1,-1,-6,0,2,1,-5,9,-8,3,-4,-4,5,-9,-13,-2,7,-15,-11,1
-1,0,1,1,-1,1,0,0,-1,-6,0,2,1,-5,9,0,0,-4,-4,5,-4,-5,-5,7,-15,-3,1
-1,0,1,1,-1,-1,1,1,-1,-6,0,2,1,-5,-9,8,3,-4,-4,-13,7,3,-2,-11,-15,5,1
-1,0,1,1,-1,0,1,0,-1,-6,0,2,1,-5,0,8,0,-4,-4,-4,4,3,-5,-2,-15,5,1
-1,0,1,1,-1,0,0,1,-1,-6,0,2,1,-5,0,0,3,-4,-4,-4,-1,-5,-2,-2,-15,-3,1
-1,0,1,-1,1,1,-1,1,-1,-6,0,2,-1,5,9,-8,3,-4,-4,13,-9,-15,8,7,-5,-1,1
-1,0,1,-1,1,1,-1,0,0,-6,0,2,-1,5,9,-8,0,0,-4,13,-8,-15,5,11,-1,-1,1
-1,0,1,-1,1,-1,-1,1,1,-6,0,2,-1,5,-9,-8,3,4,-4,-5,-1,-15,8,-3,3,-1,1
-1,0,1,-1,1,0,-1,1,0,-6,0,2,-1,5,0,-8,3,0,-4,4,-5,-15,8,2,-1,-1,1
-1,0,1,-1,1,0,-1,0,1,-6,0,2,-1,5,0,-8,0,4,-4,4,-4,-15,5,6,3,-1,1
-1,0,1,-1,-1,1,1,1,-1,-6,0,2,-1,-5,9,8,3,-4,-4,3,7,1,-2,7,-15,5,1
-1,0,1,-1,0,1,-1,1,0,-6,0,2,-1,0,9,-8,3,0,-4,8,-5,-15,3,11,-6,-6,1
-1,0,1,-1,0,0,-1,1,1,-6,0,2,-1,0,0,-8,3,4,-4,-1,-1,-15,3,6,-2,-6,1
-1,0,1,0,-1,1,1,0,-1,-6,0,2,0,-5,9,8,0,-4,-4,4,4,2,-5,7,-15,5,1
-1,0,1,0,-1,1,0,1,-1,-6,0,2,0,-5,9,0,3,-4,-4,4,-1,-6,-2,7,-15,-3,1
-1,0,1,0,-1,0,1,1,-1,-6,0,2,0,-5,0,8,3,-4,-4,-5,7,2,-2,-2,-15,5,1
-1,0,-1,1,1,-1,1,1,-1,-6,0,-2,1,5,-9,8,3,-4,-8,-3,7,3,8,-15,-5,11,1
-1,0,-1,1,-1,1,1,1,-1,-6,0,-2,1,-5,9,8,3,-4,-8,5,7,3,-2,3,-15,1,1
-1,0,-1,1,-1,1,-1,1,1,-6,0,-2,1,-5,9,-8,3,4,-8,5,-1,-13,-2,11,-7,-15,1
-1,0,-1,-1,1,1,-1,1,1,-6,0,-2,-1,5,9,-8,3,4,-8,13,-1,-15,8,11,3,-5,1
-1,0,0,1,-1,1,1,0,-1,-6,0,0,1,-5,9,8,0,-4,-6,5,4,3,-5,5,-15,3,1
-1,0,0,1,-1,1,0,1,-1,-6,0,0,1,-5,9,0,3,-4,-6,5,-1,-5,-2,5,-15,-5,1
-1,0,0,1,-1,0,1,1,-1,-6,0,0,1,-5,0,8,3,-4,-6,-4,7,3,-2,-4,-15,3,1
-1,0,0,-1,1,1,-1,1,0,-6,0,0,-1,5,9,-8,3,0,-6,13,-5,-15,8,9,-1,-3,1
-1,0,0,-1,1,1,-1,0,1,-6,0,0,-1,5,9,-8,0,4,-6,13,-4,-15,5,13,3,-3,1
-1,0,0,-1,1,0,-1,1,1,-6,0,0,-1,5,0,-8,3,4,-6,4,-1,-15,8,4,3,-3,1
-1,0,0,-1,0,1,-1,1,1,-6,0,0,-1,0,9,-8,3,4,-6,8,-1,-15,3,13,-2,-8,1
-1,0,0,0,-1,1,1,1,-1,-6,0,0,0,-5,9,8,3,-4,-6,4,7,2,-2,5,-15,3,1
0,1,1,1,1,-1,-1,-1,-1,0,7,2,1,5,-9,-8,-3,-4,9,-3,-15,-7,9,-11,1,-1,1
0,1,1,1,-1,1,-1,-1,-1,0,7,2,1,-5,9,-8,-3,-4,9,5,-15,-7,-1,7,-9,-11,1
0,1,1,1,0,0,-1,-1,-1,0,7,2,1,0,0,-8,-3,-4,9,1,-15,-7,4,-2,-4,-6,1
0,1,1,-1,1,1,-1,-1,-1,0,7,2,-1,5,9,-8,-3,-4,9,13,-15,-9,9,7,1,-1,1
0,1,1,-1,-1,-1,1,1,-1,0,7,2,-1,-5,-9,8,3,-4,9,-15,7,7,5,-11,-9,5,1
0,1,1,-1,-1,-1,1,-1,1,0,7,2,-1,-5,-9,8,-3,4,9,-15,9,7,-1,-3,-1,5,1
0,1,1,-1,-1,-1,1,0,0,0,7,2,-1,-5,-9,8,0,0,9,-15,8,7,2,-7,-5,5,1
0,1,1,-1,-1,-1,-1,1,1,0,7,2,-1,-5,-9,-8,3,4,9,-15,-1,-9,5,-3,-1,-11,1
0,1,1,-1,-1,-1,0,1,0,0,7,2,-1,-5,-9,0,3,0,9,-15,3,-1,5,-7,-5,-3,1
0,1,1,-1,-1,-1,0,0,1,0,7,2,-1,-5,-9,0,0,4,9,-15,4,-1,2,-3,-1,-3,1
0,1,1,0,1,0,-1,-1,-1,0,7,2,0,5,0,-8,-3,-4,9,5,-15,-8,9,-2,1,-1,1
0,1,1,0,0,1,-1,-1,-1,0,7,2,0,0,9,-8,-3,-4,9,9,-15,-8,4,7,-4,-6,1
0,1,-1,1,1,-1,1,-1,-1,0,7,-2,1,5,-9,8,-3,-4,5,-3,1,9,9,-15,1,11,1
0,1,-1,1,1,-1,0,0,-1,0,7,-2,1,5,-9,0,0,-4,5,-3,-4,1,12,-15,1,3,1
0,1,-1,1,-1,1,-1,1,-1,0,7,-2,1,-5,9,-8,3,-4,5,5,-9,-7,5,3,-9,-15,1
0,1,-1,1,-1,1,-1,-1,1,0,7,-2,1,-5,9,-8,-3,4,5,5,-7,-7,-1,11,-1,-15,1
0,1,-1,1,-1,1,-1,0,0,0,7,-2,1,-5,9,-8,0,0,5,5,-8,-7,2,7,-5,-15,1
0,1,-1,1,-1,-1,1,1,-1,0,7,-2,1,-5,-9,8,3,-4,5,-13,7,9,5,-15,-9,1,1
0,1,-1,1,-1,-1,-1,1,1,0,7,-2,1,-5,-9,-8,3,4,5,-13,-1,-7,5,-7,-1,-15,1
0,1,-1,1,-1,0,-1,1,0,0,7,-2,1,-5,0,-8,3,0,5,-4,-5,-7,5,-2,-5,-15,1
0,1,-1,1,-1,0,-1,0,1,0,7,-2,1,-5,0,-8,0,4,5,-4,-4,-7,2,2,-1,-15,1
0,1,-1,1,0,-1,1,0,-1,0,7,-2,1,0,-9,8,0,-4,5,-8,4,9,7,-15,-4,6,1
0,1,-1,1,0,-1,0,1,-1,0,7,-2,1,0,-9,0,3,-4,5,-8,-1,1,10,-15,-4,-2,1
0,1,-1,-1,-1,1,-1,1,1,0,7,-2,-1,-5,9,-8,3,4,5,3,-1,-9,5,11,-1,-15,1
0,1,-1,0,1,-1,1,0,-1,0,7,-2,0,5,-9,8,0,-4,5,-4,4,8,12,-15,1,11,1
0,1,-1,0,-1,1,-1,1,0,0,7,-2,0,-5,9,-8,3,0,5,4,-5,-8,5,7,-5,-15,1
0,1,-1,0,-1,1,-1,0,1,0,7,-2,0,-5,9,-8,0,4,5,4,-4,-8,2,11,-1,-15,1
0,1,-1,0,-1,0,-1,1,1,0,7,-2,0,-5,0,-8,3,4,5,-5,-1,-8,5,2,-1,-15,1
0,1,-1,0,0,-1,1,1,-1,0,7,-2,0,0,-9,8,3,-4,5,-9,7,8,10,-15,-4,6,1
0,1,0,1,1,0,-1,-1,-1,0,7,0,1,5,0,-8,-3,-4,7,6,-15,-7,9,-4,1,-3,1
0,1,0,1,0,1,-1,-1,-1,0,7,0,1,0,9,-8,-3,-4,7,10,-15,-7,4,5,-4,-8,1
0,1,0,-1,-1,-1,1,1,0,0,7,0,-1,-5,-9,8,3,0,7,-15,11,7,5,-9,-5,3,1
0,1,0,-1,-1,-1,1,0,1,0,7,0,-1,-5,-9,8,0,4,7,-15,12,7,2,-5,-1,3,1
0,1,0,-1,-1,-1,0,1,1,0,7,0,-1,-5,-9,0,3,4,7,-15,7,-1,5,-5,-1,-5,1
0,1,0,0,1,1,-1,-1,-1,0,7,0,0,5,9,-8,-3,-4,7,14,-15,-8,9,5,1,-3,1
0,-1,1,1,-1,1,1,-1,-1,0,-7,2,1,-5,9,8,-3,-4,-5,5,1,9,-15,7,-9,5,1
0,-1,1,1,-1,1,0,-1,0,0,-7,2,1,-5,9,0,-3,0,-5,5,-3,1,-15,11,-5,-3,1
0,-1,1,1,-1,-1,1,-1,1,0,-7,2,1,-5,-9,8,-3,4,-5,-13,9,9,-15,-3,-1,5,1
0,-1,1,1,-1,0,1,-1,0,0,-7,2,1,-5,0,8,-3,0,-5,-4,5,9,-15,2,-5,5,1
0,-1,1,1,-1,0,0,-1,1,0,-7,2,1,-5,0,0,-3,4,-5,-4,1,1,-15,6,-1,-3,1
0,-1,1,0,-1,1,1,-1,0,0,-7,2,0,-5,9,8,-3,0,-5,4,5,8,-15,11,-5,5,1
0,-1,1,0,-1,0,1,-1,1,0,-7,2,0,-5,0,8,-3,4,-5,-5,9,8,-15,6,-1,5,1
0,-1,-1,1,1,-1,1,1,-1,0,-7,-2,1,5,-9,8,3,-4,-9,-3,7,9,1,-15,1,11,1
0,-1,-1,1,-1,1,1,-1,1,0,-7,-2,1,-5,9,8,-3,4,-9,5,9,9,-15,11,-1,1,1
0,-1,-1,1,-1,1,-1,1,1,0,-7,-2,1,-5,9,-8,3,4,-9,5,-1,-7,-9,11,-1,-15,1
0,-1,0,1,-1,1,1,-1,0,0,-7,0,1,-5,9,8,-3,0,-7,5,5,9,-15,9,-5,3,1
0,-1,0,1,-1,1,0,-1,1,0,-7,0,1,-5,9,0,-3,4,-7,5,1,1,-15,13,-1,-5,1
0,-1,0,1,-1,0,1,-1,1,0,-7,0,1,-5,0,8,-3,4,-7,-4,9,9,-15,4,-1,3,1
0,-1,0,0,-1,1,1,-1,1,0,-7,0,0,-5,9,8,-3,4,-7,4,9,8,-15,13,-1,3,1
0,0,1,1,1,0,-1,-1,-1,0,0,2,1,5,0,-8,-3,-4,2,6,-15,-7,2,-2,1,-1,1
0,0,1,1,0,1,-1,-1,-1,0,0,2,1,0,9,-8,-3,-4,2,10,-15,-7,-3,7,-4,-6,1
0,0,1,-1,-1,-1,1,1,0,0,0,2,-1,-5,-9,8,3,0,2,-15,11,7,-2,-7,-5,5,1
0,0,1,-1,-1,-1,1,0,1,0,0,2,-1,-5,-9,8,0,4,2,-15,12,7,-5,-3,-1,5,1
0,0,1,-1,-1,-1,0,1,1,0,0,2,-1,-5,-9,0,3,4,2,-15,7,-1,-2,-3,-1,-3,1
0,0,1,0,1,1,-1,-1,-1,0,0,2,0,5,9,-8,-3,-4,2,14,-15,-8,2,7,1,-1,1
0,0,-1,1,1,-1,1,0,-1,0,0,-2,1,5,-9,8,0,-4,-2,-3,4,9,5,-15,1,11,1
0,0,-1,1,1,-1,0,1,-1,0,0,-2,1,5,-9,0,3,-4,-2,-3,-1,1,8,-15,1,3,1
0,0,-1,1,-1,1,-1,1,0,0,0,-2,1,-5,9,-8,3,0,-2,5,-5,-7,-2,7,-5,-15,1
0,0,-1,1,-1,1,-1,0,1,0,0,-2,1,-5,9,-8,0,4,-2,5,-4,-7,-5,11,-1,-15,1
0,0,-1,1,-1,0,-1,1,1,0,0,-2,1,-5,0,-8,3,4,-2,-4,-1,-7,-2,2,-1,-15,1
0,0,-1,1,0,-1,1,1,-1,0,0,-2,1,0,-9,8,3,-4,-2,-8,7,9,3,-15,-4,6,1
0,0,-1,0,1,-1,1,1,-1,0,0,-2,0,5,-9,8,3,-4,-2,-4,7,8,8,-15,1,11,1
0,0,-1,0,-1,1,-1,1,1,0,0,-2,0,-5,9,-8,3,4,-2,4,-1,-8,-2,11,-1,-15,1
1,1,-1,-1,1,1,1,-1,-1,6,7,-2,-1,5,9,8,-3,-4,11,13,1,13,9,3,7,11,1
1,1,-1,-1,-1,1,1,1,-1,6,7,-2,-1,-5,9,8,3,-4,11,3,7,13,5,3,-3,1,0
1,1,-1,-1,-1,1,1,-1,1,6,7,-2,-1,-5,9,8,-3,4,11,3,9,13,-1,11,5,1,0
1,-1,1,1,1,-1,-1,1,-1,6,-7,2,1,5,-9,-8,3,-4,1,-3,-9,-1,1,-11,7,-1,0
1,-1,1,1,-1,1,-1,1,-1,6,-7,2,1,-5,9,-8,3,-4,1,5,-9,-1,-9,7,-3,-11,0
1,-1,1,1,-1,-1,-1,1,1,6,-7,2,1,-5,-9,-8,3,4,1,-13,-1,-1,-9,-3,5,-11,0
1,-1,1,-1,1,1,-1,1,-1,6,-7,2,-1,5,9,-8,3,-4,1,13,-9,-3,1,7,7,-1,0
1,-1,1,-1,-1,1,1,1,-1,6,-7,2,-1,-5,9,8,3,-4,1,3,7,13,-9,7,-3,5,0
1,-1,-1,-1,1,1,1,1,-1,6,-7,-2,-1,5,9,8,3,-4,-3,13,7,13,1,3,7,11,0
-1,1,1,1,1,-1,-1,-1,1,-6,7,2,1,5,-9,-8,-3,4,3,-3,-7,-13,9,-3,3,-1,0
-1,1,1,1,-1,-1,1,-1,1,-6,7,2,1,-5,-9,8,-3,4,3,-13,9,3,-1,-3,-7,5,0
-1,1,1,1,-1,-1,-1,1,1,-6,7,2,1,-5,-9,-8,3,4,3,-13,-1,-13,5,-3,-7,-11,0
-1,1,-1,1,1,-1,1,-1,1,-6,7,-2,1,5,-9,8,-3,4,-1,-3,9,3,9,-7,3,11,0
-1,1,-1,1,-1,1,1,-1,1,-6,7,-2,1,-5,9,8,-3,4,-1,5,9,3,-1,11,-7,1,0
-1,1,-1,-1,1,1,1,-1,1,-6,7,-2,-1,5,9,8,-3,4,-1,13,9,1,9,11,3,11,0
-1,-1,1,1,1,-1,-1,1,1,-6,-7,2,1,5,-9,-8,3,4,-11,-3,-1,-13,1,-3,3,-1,0
